class,rank,feature,coefficient,validation_documents_with_feature,predicted_as_class_with_feature,correct_predictions_with_feature,false_positives_with_feature,precision_when_feature_and_prediction
HR Support,6,access,6.337890508195374,1879,617,518,99,0.839546191247974
Miscellaneous,3,add,7.686263623261966,890,390,300,90,0.7692307692307693
HR Support,5,oracle,6.6027167275419325,769,415,350,65,0.8433734939759037
Miscellaneous,1,change,9.778764639867108,783,391,330,61,0.8439897698209718
HR Support,3,error,7.744255302059991,897,369,328,41,0.8888888888888888
Miscellaneous,4,approve,7.493796394147141,270,160,128,32,0.8
Access,4,user,10.350156346329118,520,281,250,31,0.8896797153024911
Miscellaneous,8,name,5.329076411869615,630,172,143,29,0.8313953488372093
Access,6,account,9.146297246568116,323,223,198,25,0.8878923766816144
HR Support,2,time,7.776508239089536,294,239,214,25,0.895397489539749
Miscellaneous,5,ticket,6.9292898286208064,364,123,99,24,0.8048780487804879
Miscellaneous,11,owner,4.789462332815693,255,131,107,24,0.816793893129771
Internal Project,1,code,13.305293769174016,534,259,236,23,0.9111969111969112
Internal Project,2,project,9.356926353261784,469,234,211,23,0.9017094017094017
Administrative rights,4,install,5.557563594941922,211,63,40,23,0.6349206349206349
Hardware,4,phone,4.3022690811616044,415,208,185,23,0.8894230769230769
HR Support,4,leave,7.455442544659608,504,347,325,22,0.9365994236311239
HR Support,9,submit,5.134421879633174,336,272,250,22,0.9191176470588235
Administrative rights,3,issues,7.007447786771204,618,66,45,21,0.6818181818181818
Access,3,password,10.567351281412206,321,230,211,19,0.9173913043478261
Hardware,2,laptop,6.995865167931084,381,331,312,19,0.9425981873111783
Hardware,5,meeting,4.222039328293955,224,184,165,19,0.8967391304347826
Miscellaneous,14,list,3.7620911512179225,222,105,86,19,0.819047619047619
Hardware,10,call,3.2710814766573817,248,162,143,19,0.8827160493827161
Miscellaneous,2,approval,8.872997512182657,265,173,156,17,0.9017341040462428
Access,13,users,5.557321534272245,357,136,119,17,0.875
Hardware,15,connect,3.1376447641962395,239,192,175,17,0.9114583333333334
Purchase,4,administrator,6.599106860944036,687,393,378,15,0.9618320610687023
Access,11,create,5.854443344438612,689,221,206,15,0.9321266968325792
Hardware,12,mobile,3.192278313133301,324,145,130,15,0.896551724137931
Purchase,14,phone,2.7634554058117726,415,98,83,15,0.8469387755102041
Purchase,6,log,4.821622560942971,1128,346,332,14,0.9595375722543352
Miscellaneous,12,approved,4.754106332647681,252,89,75,14,0.8426966292134831
Access,9,accounts,6.6655089271638746,337,108,95,13,0.8796296296296297
Miscellaneous,7,tickets,6.380980454776549,255,96,83,13,0.8645833333333334
Internal Project,6,pas,5.4964582650508325,265,139,127,12,0.9136690647482014
Purchase,8,order,3.776481094949855,884,266,254,12,0.9548872180451128
Administrative rights,9,update,3.755355202754648,577,71,59,12,0.8309859154929577
Purchase,1,purchase,8.991334477837228,420,334,323,11,0.9670658682634731
Miscellaneous,6,groups,6.793670931982528,193,78,67,11,0.8589743589743589
Administrative rights,1,outlook,14.96789248822463,125,92,82,10,0.8913043478260869
Access,2,card,10.741661131668303,397,162,152,10,0.9382716049382716
Purchase,2,po,7.915173745752344,396,345,335,10,0.9710144927536232
Administrative rights,2,upgrade,11.6529554224055,195,146,137,9,0.9383561643835616
Access,5,license,9.78132672909416,152,133,124,9,0.9323308270676691
Internal Project,3,codes,8.864684499635613,112,73,64,9,0.8767123287671232
Administrative rights,6,windows,4.444062853029509,159,102,93,9,0.9117647058823529
Hardware,6,connection,4.013371439887264,148,138,129,9,0.9347826086956522
Internal Project,14,oracle,2.4354273793377987,769,94,85,9,0.9042553191489362
Internal Project,5,setup,7.050830108795681,206,87,79,8,0.9080459770114943
HR Support,7,annual,5.323042604454162,229,160,152,8,0.95
Miscellaneous,9,contract,5.169818414233434,100,48,40,8,0.8333333333333334
Administrative rights,5,software,5.042840005074619,273,62,54,8,0.8709677419354839
Administrative rights,11,problems,3.0154845675435817,170,23,15,8,0.6521739130434783
Access,1,confluence,13.36243372894982,316,289,282,7,0.9757785467128027
HR Support,1,starter,8.356975022219732,430,396,389,7,0.9823232323232324
Purchase,3,installation,6.904746826952257,249,155,148,7,0.9548387096774194
Access,14,reset,4.782260473311461,170,149,142,7,0.9530201342281879
Miscellaneous,15,approvals,3.648953648432125,58,44,37,7,0.8409090909090909
Storage,1,folder,12.634820262586198,208,148,142,6,0.9594594594594594
Access,10,cards,5.858091700709861,143,43,37,6,0.8604651162790697
HR Support,8,leaver,5.216998903546388,196,143,137,6,0.958041958041958
Storage,8,permissions,4.953777687134972,184,42,36,6,0.8571428571428571
Miscellaneous,13,mailing,4.008174338258538,54,51,45,6,0.8823529411764706
Hardware,8,cable,3.884069901370444,122,98,92,6,0.9387755102040817
HR Support,15,week,3.820835256435925,198,121,115,6,0.9504132231404959
Hardware,13,certificate,3.171853936228235,47,45,39,6,0.8666666666666667
Administrative rights,13,server,2.837679301066308,189,11,5,6,0.45454545454545453
Administrative rights,15,app,2.734229299173593,129,22,16,6,0.7272727272727273
Internal Project,12,forecast,2.623896816462719,69,23,17,6,0.7391304347826086
Internal Project,13,attached,2.537726645565884,1048,123,117,6,0.9512195121951219
Storage,2,mailbox,11.468050960985158,276,125,120,5,0.96
Storage,3,wants,7.407870938971572,161,143,138,5,0.965034965034965
Purchase,5,device,5.7937164999702,187,82,77,5,0.9390243902439024
Storage,14,accept,4.095257656034371,216,147,142,5,0.9659863945578231
HR Support,14,transfer,3.860108189388428,138,59,54,5,0.9152542372881356
Administrative rights,10,version,3.7485565859876018,164,45,40,5,0.8888888888888888
Hardware,14,documents,3.1440661899841253,66,43,38,5,0.8837209302325582
Purchase,11,receive,2.825813148987501,594,253,248,5,0.9802371541501976
Access,8,repository,7.61040420295608,85,70,66,4,0.9428571428571428
Storage,4,storage,7.130412453250203,180,60,56,4,0.9333333333333333
Storage,6,folders,5.876711153446502,69,43,39,4,0.9069767441860465
Miscellaneous,10,approver,5.015448161926373,140,69,65,4,0.9420289855072463
Hardware,3,room,4.598338676006378,126,116,112,4,0.9655172413793104
Storage,10,file,4.3387463502423,291,38,34,4,0.8947368421052632
Internal Project,4,pipeline,8.538200464988833,60,48,45,3,0.9375
Hardware,1,monitor,7.762379047925739,204,165,162,3,0.9818181818181818
Storage,5,shared,6.742542656778512,149,79,76,3,0.9620253164556962
Access,12,locked,5.646701232023294,73,43,40,3,0.9302325581395349
Storage,7,files,4.997223923396579,190,49,46,3,0.9387755102040817
HR Support,12,area,3.898709729071236,144,74,71,3,0.9594594594594594
HR Support,13,hours,3.891651442125696,105,56,53,3,0.9464285714285714
Internal Project,9,opportunity,3.612108277257031,82,38,35,3,0.9210526315789473
Administrative rights,14,again,2.786992253420195,318,16,13,3,0.8125
Purchase,13,item,2.779988086275817,312,232,229,3,0.9870689655172413
HR Support,10,timecard,5.063004713639739,123,107,105,2,0.9813084112149533
Access,15,licenses,4.724727927674315,44,31,29,2,0.9354838709677419
Storage,13,archive,4.11076183303205,42,23,21,2,0.9130434782608695
HR Support,11,bucharest,3.90153506569552,80,60,58,2,0.9666666666666667
Purchase,10,allocation,3.497601348990847,231,168,166,2,0.9880952380952381
Internal Project,11,known,3.352194878911341,61,28,26,2,0.9285714285714286
Hardware,11,calls,3.234695052242268,71,59,57,2,0.9661016949152542
Administrative rights,12,calendar,2.863446101706289,84,11,9,2,0.8181818181818182
Purchase,12,replenishment,2.788660755992721,35,33,31,2,0.9393939393939394
Purchase,15,requisitions,2.730779900801521,12,4,2,2,0.5
Internal Project,15,template,2.430612050871244,74,23,21,2,0.9130434782608695
Access,7,git,8.147512904015304,79,66,65,1,0.9848484848484849
Storage,11,increase,4.28067396254805,83,58,57,1,0.9827586206896551
Storage,12,size,4.123284013991828,75,47,46,1,0.9787234042553191
Purchase,7,devices,4.0355573304794,65,7,6,1,0.8571428571428571
Administrative rights,8,assets,3.808425247785834,101,26,25,1,0.9615384615384616
Purchase,9,receipt,3.655387958771434,58,47,46,1,0.9787234042553191
Internal Project,10,unknown,3.58869106847382,27,8,7,1,0.875
Hardware,9,backpack,3.365273464367678,42,28,27,1,0.9642857142857143
Internal Project,7,pipelines,4.444243014844173,9,6,6,0,1.0
Storage,9,mailboxes,4.38217546708468,9,4,4,0,1.0
Administrative rights,7,exchange,4.14666038019385,20,3,3,0,1.0
Hardware,7,ram,3.901379113432098,24,17,17,0,1.0
Storage,15,share,3.895515359707832,158,38,38,0,1.0
Internal Project,8,import,3.729652473077441,49,17,17,0,1.0
