record_id,source_row,Topic_group,predicted_class,confidence,low_confidence,is_correct,justification
9f6039a5bde9f7289cde2350d1105443225d26836472d4f1c92bd12a42e12fba,161,Hardware,Hardware,0.4731966688333605,True,True,"The available evidence most closely supports Hardware, based on the terms 'registration', 'download' and 'more', but confidence is low because the ticket contains limited or ambiguous signals."
bf0d83ec2b3f3d986e5749ed42e1eb6b249237dc77afe47433092cd11c6949ac,447,Access,Access,0.9828178571644834,False,True,The ticket was classified as Access because the term 'card' provided the strongest positive model evidence for that category.
8101f84ebfc3ca39986f780f681669f896f2fd6f6b6f42e47c4b06527109ec36,754,Hardware,Hardware,0.417068214901028,True,True,"The available evidence most closely supports Hardware, based on the terms 'updates', 'training' and 'test', but confidence is low because the ticket contains limited or ambiguous signals."
2500c688b133cc2529c960b5567f2ac04bc37e0e5a497228ebc89d79c96f3c82,991,Internal Project,Internal Project,0.968398649009292,False,True,"The ticket was classified as Internal Project because the terms 'setup', 'code' and 'template' provided the strongest positive model evidence for that category."
ea8f89f1362e2c938c6a7a02bb32f82fc59dd71cf5188eaff943b697a888ade5,1057,Miscellaneous,Miscellaneous,0.9091495780810652,False,True,"The ticket was classified as Miscellaneous because the terms 'snow', 'task' and 'summary' provided the strongest positive model evidence for that category."
98d3e719b03bd3b8a8289110b2effd517e6752e14ae1e3e4bb16d01f1f85b3cd,1059,Hardware,Hardware,0.6249029316639358,False,True,"The ticket was classified as Hardware because the terms 'laptop', 'inch' and 'allocate' provided the strongest positive model evidence for that category."
c2837b4b7a5b732010046aa72962beaf31c85cc0f9f124a0d01b4cde45922fa3,1074,Access,Access,0.8571069100858403,False,True,"The ticket was classified as Access because the terms 'confluence', 'access' and 'engineer' provided the strongest positive model evidence for that category."
230ad29a134298f67dae5d8bd45d586d34fe715571e63f421acf3283630444d8,1491,Miscellaneous,Miscellaneous,0.9867782114925864,False,True,"The ticket was classified as Miscellaneous because the terms 'mailing', 'groups' and 'people' provided the strongest positive model evidence for that category."
5be426dfbcaa92526c0ee491c69398d8d2e8f09037a36a7a51470efd1c34faf4,1873,Hardware,Hardware,0.8830112323641369,False,True,"The ticket was classified as Hardware because the terms 'remote', 'access' and 'allow' provided the strongest positive model evidence for that category."
c85fee4548c18777c7c5adbd84ac416f1802e204fe08aaed42adec8f1104a6f3,2378,Miscellaneous,Miscellaneous,0.7821983533409113,False,True,"The ticket was classified as Miscellaneous because the terms 'task', 'ops' and 'summary' provided the strongest positive model evidence for that category."
8d287a32c5dcda60163580e17d86dfe298e04adb11b70e248cd4e384cc8aada9,2799,Miscellaneous,Miscellaneous,0.9609797234262392,False,True,"The ticket was classified as Miscellaneous because the terms 'change', 'assigned' and 'summary' provided the strongest positive model evidence for that category."
bf910d3f3205411b0fa54f2d00ac3151bc247a6fc5ccfe93c6860ee804b80b75,2971,Access,Access,0.3687723066019781,True,True,"The available evidence most closely supports Access, based on the terms 'account', 'ad' and 'engineer', but confidence is low because the ticket contains limited or ambiguous signals."
29e294877daafbb7ace73425db51863e5f1891159328e816e48704556d6dfae5,3446,Hardware,Hardware,0.3856320913012864,True,True,"The available evidence most closely supports Hardware, based on the terms 'updates', 'environment' and 'patch', but confidence is low because the ticket contains limited or ambiguous signals."
4c635946e4953e85a04b364b6e6d2506ca54c514e46b8dd01958e6412fe34bfc,3969,HR Support,HR Support,0.8638844429555468,False,True,"The ticket was classified as HR Support because the terms 'leave', 'annual' and 'november' provided the strongest positive model evidence for that category."
0cac1e4cce199c11ce2d2ec0ff2eb76366ef1850338b985d9d189b7626fc524a,5094,Internal Project,Internal Project,0.3682892612738799,True,True,"The available evidence most closely supports Internal Project, based on the terms 'pipe', 'values' and 'type', but confidence is low because the ticket contains limited or ambiguous signals."
fc3deb2f53c87beb7d0c9fa9a20e0e7815054547c43a06b5097924e1a22baca0,5229,Access,Access,0.4539491312690129,True,True,"The available evidence most closely supports Access, based on the terms 'account', 'create' and 'setup', but confidence is low because the ticket contains limited or ambiguous signals."
fe86510207859753ed0b9ed3ef493b98e24443c6b059dd189744cba2059924f6,5966,Storage,Storage,0.9995542542467564,False,True,"The ticket was classified as Storage because the terms 'mailbox', 'increase' and 'size' provided the strongest positive model evidence for that category."
30189b92cfca9488e1c912d73908f8d113c818b8f93fba8202e8f2e7659b45c0,6077,HR Support,HR Support,0.9796829825778756,False,True,"The ticket was classified as HR Support because the terms 'starter', 'fill' and 'new' provided the strongest positive model evidence for that category."
1d36575286a499b7c6e83612895b83580d046dc6f6e43e2be26b69daa865513a,6154,Access,Storage,0.4584276917245671,True,False,"The available evidence most closely supports Storage, based on the terms 'permissions', 'give' and 'find', but confidence is low because the ticket contains limited or ambiguous signals."
659875d259c9469f9f1ff9130de76f5aac30b33500d6285bd4147c8b1cd7d847,6547,Hardware,Access,0.6522009651929151,False,False,"The ticket was classified as Access because the terms 'colleague', 'engineer' and 'needed' provided the strongest positive model evidence for that category."
fce2b67413f6c2bf1466ef910646ad1ab4bc4fe88a7670a98b4dc02e48354bf5,7024,Hardware,Hardware,0.7587810266815926,False,True,"The ticket was classified as Hardware because the terms 'updates', 'qualified' and 'work' provided the strongest positive model evidence for that category."
62bf6727e4552c9a53815277d6c9fa4e596cf1114597408cc02080054a1aa264,7612,HR Support,HR Support,0.9995414288545152,False,True,"The ticket was classified as HR Support because the terms 'starter', 'fill' and 'date' provided the strongest positive model evidence for that category."
1bab4d7e7c0db574a39cea23910812f8997f22dc326f4411fc566a5daecb3df2,7965,HR Support,HR Support,0.9796098941411368,False,True,"The ticket was classified as HR Support because the terms 'leaver', 'did' and 'leave' provided the strongest positive model evidence for that category."
253936d0d851dea7f3afd816b5c55d9008845697267cce4fd867bcd5b590a2cf,8037,Purchase,Purchase,0.9999882527035804,False,True,"The ticket was classified as Purchase because the terms 'purchase', 'po' and 'administrator' provided the strongest positive model evidence for that category."
366c2b006549d5973c5fce0a6e708f1746393f34b51e726cf8fb0fca939b3e05,8172,Hardware,Miscellaneous,0.698490567089053,False,False,"The ticket was classified as Miscellaneous because the terms 'add', 'list' and 'update' provided the strongest positive model evidence for that category."
7e641f5d9ecaa68aaba34a5112da4a532613f5bf0c3db9c1c9a7c2093aef68c9,8726,Hardware,Hardware,0.9211860140830936,False,True,"The ticket was classified as Hardware because the terms 'calls', 'phone' and 'going' provided the strongest positive model evidence for that category."
3d9bab480b86501c7c8247da273e4d23c24a29da283c71b06d507a3a50f1e2ca,8779,Purchase,Purchase,0.9999857287247702,False,True,"The ticket was classified as Purchase because the terms 'purchase', 'po' and 'installation' provided the strongest positive model evidence for that category."
aa606b45b63a221fbc4ea1bea66fc1469cf24151cc0d7f8ae3cb6641a1b37c49,8912,Access,Access,0.9996779427370968,False,True,"The ticket was classified as Access because the terms 'account', 'create' and 'engineer' provided the strongest positive model evidence for that category."
ee80a55c54f3c3e4d23644ef775c8ae2670af56ea23562bc26816cab7eee54ea,9069,HR Support,HR Support,0.9989836079891994,False,True,"The ticket was classified as HR Support because the terms 'starter', 'form' and 'leave' provided the strongest positive model evidence for that category."
6437e1198214eeed5bac92a7fe46007c44dfb23c200ec795011eaca80ba52b26,9140,Miscellaneous,Miscellaneous,0.936828050762234,False,True,The ticket was classified as Miscellaneous because the terms 'add' and 'make' provided the strongest positive model evidence for that category.
e0bcbc4ed137b282c3cfaaf669b3aec43edad9caded3cad84ecb8a6b9e433164,9188,Purchase,Purchase,0.9991594906296484,False,True,"The ticket was classified as Purchase because the terms 'device', 'installation' and 'administrator' provided the strongest positive model evidence for that category."
e251204939238fd20688613c7a31df8dd2f1d658d180991415d112b29a428620,9753,Miscellaneous,Miscellaneous,0.466528448856213,True,True,"The available evidence most closely supports Miscellaneous, based on the terms 'change', 'incorrect' and 'investigate', but confidence is low because the ticket contains limited or ambiguous signals."
03ecce5a8815613567212d0230a5475c98086da5a2ca3a503d6b1ba3918ba09a,9875,Miscellaneous,Miscellaneous,0.4308392651284814,True,True,"The available evidence most closely supports Miscellaneous, based on the terms 'notifications', 'opened' and 'pull', but confidence is low because the ticket contains limited or ambiguous signals."
ac87e9cc292ebbb32c0c9ffddd5776618802f2e0e6a1f013e1a668420106674c,10571,Purchase,Purchase,0.9999908373266764,False,True,"The ticket was classified as Purchase because the terms 'purchase', 'po' and 'administrator' provided the strongest positive model evidence for that category."
a8b4d51c03851ba6f471cbec451fc589a663fd096c09a5774ba86721d5d9c246,10727,Miscellaneous,Miscellaneous,0.9948554963307512,False,True,The ticket was classified as Miscellaneous because the terms 'add' and 'friday' provided the strongest positive model evidence for that category.
3ac86280f8612adee3842b6907a762dfdefcb37dab5314dcfa9563ba17b678b0,10748,Storage,Storage,0.9168522980516212,False,True,"The ticket was classified as Storage because the terms 'mailbox', 'access' and 'additional' provided the strongest positive model evidence for that category."
db8c04acae240d9ca5bf7da617e822607743d8ab783a305f53157e4fffe3b2ce,10819,Access,Access,0.9998663469074516,False,True,"The ticket was classified as Access because the terms 'confluence', 'access' and 'engineer' provided the strongest positive model evidence for that category."
380e017fd1e57ce01abab9a78d24772ff5b4c17ce70692fa48319e9c10090124,11918,Access,Access,0.9993698406881628,False,True,"The ticket was classified as Access because the terms 'confluence', 'access' and 'him' provided the strongest positive model evidence for that category."
16db9b5231fb904f17f7c59dd037ecc207245009b8b1049cbe426b5299015994,12445,Internal Project,Internal Project,0.9996783544259888,False,True,"The ticket was classified as Internal Project because the terms 'code', 'project' and 'oracle' provided the strongest positive model evidence for that category."
a5eac8eb22e9cbef3a3c38c6c1cfb8457b9215d192dd2c8580e2430e755645e7,12822,Hardware,Hardware,0.8503947747926092,False,True,"The ticket was classified as Hardware because the terms 'excel', 'wednesday' and 'report' provided the strongest positive model evidence for that category."
afd54608339fa5e364fad1f199bdb5a38c3900224271f9f3e4dee781049c6c6e,12856,Hardware,Access,0.546115351524509,True,False,"The available evidence most closely supports Access, based on the terms 'create', 'monitoring' and 'building', but confidence is low because the ticket contains limited or ambiguous signals."
e6b864279b46d958f49da3b15b68cbf65af3da45fe01095bf2baa536c1c03167,13024,Miscellaneous,Miscellaneous,0.4292903141680665,True,True,"The available evidence most closely supports Miscellaneous, based on the terms 'name', 'interviewers' and 'mail', but confidence is low because the ticket contains limited or ambiguous signals."
1c5128e2bdb34e2fbd474303207e5d6a6ae2d8f8c1ef2d69dfa194800cb7d879,13082,Access,Access,0.5588010669047031,True,True,"The available evidence most closely supports Access, based on the terms 'repositories', 'key' and 'service', but confidence is low because the ticket contains limited or ambiguous signals."
50a80511023ffed177b35160a7d311665059485af7fb593e3f519aa19978e325,13358,Internal Project,HR Support,0.5554783570946836,True,False,"The available evidence most closely supports HR Support, based on the terms 'oracle', 'access' and 'provide', but confidence is low because the ticket contains limited or ambiguous signals."
3132e6c863e4d082d18708d922577170652c1809e281c258c9400bc3c375da7b,13413,Hardware,Miscellaneous,0.2454187642384998,True,False,"The available evidence most closely supports Miscellaneous, based on the terms 'members', 'lead' and 'flash', but confidence is low because the ticket contains limited or ambiguous signals."
9e53e43462538f11e8d6d0fda1fa432162db4b4d850dc2a2d8c1cf9bb7b15c26,14474,Storage,Storage,0.9738128380906192,False,True,The ticket was classified as Storage because the terms 'mailbox' and 'officer' provided the strongest positive model evidence for that category.
40f4e4cac086ebe8f0db214d4e85d73be663fac0c665bd3cca4b8c6c41b8532c,14496,HR Support,HR Support,0.9944768831994576,False,True,"The ticket was classified as HR Support because the terms 'starter', 'testing' and 'discipline' provided the strongest positive model evidence for that category."
8ef3ba5750c364cb036cea45421575899888b8d81778c06f5eb69a084094559b,14911,Hardware,Hardware,0.787744263225086,False,True,"The ticket was classified as Hardware because the terms 'phone', 'employees' and 'possible' provided the strongest positive model evidence for that category."
823ce1d68a43d3b3fb4516198567958e1db54e9ea5245e5da020d282fece3880,15289,Hardware,Hardware,0.2835450867055839,True,True,"The available evidence most closely supports Hardware, based on the terms 'process', 'needed' and 'much', but confidence is low because the ticket contains limited or ambiguous signals."
6b8dff496bc44f67ba679873a493f846dfa04d4d0ef0d2ef5b2c46fbd2d19ca2,15389,HR Support,HR Support,0.9945717865370334,False,True,"The ticket was classified as HR Support because the terms 'starter', 'fill' and 'date' provided the strongest positive model evidence for that category."
8e8d7cdd4e8a307b847e328799f1a99a08aea57050d3b9dd8cbc662fd1f2e4df,15509,Storage,Storage,0.8585731036494482,False,True,"The ticket was classified as Storage because the terms 'wants', 'accept' and 'decline' provided the strongest positive model evidence for that category."
d3235a6a7b01d44535089b9fffbe2b9bd6970ccd9c67d1f0b39cf666bc24a60c,15767,Hardware,Hardware,0.8641330065706992,False,True,"The ticket was classified as Hardware because the terms 'monitor', 'assessment' and 'self' provided the strongest positive model evidence for that category."
0e27878b8e5dbc72c8fa0fe91ac1f96f455fc624b94e2700e62d8246397c5f7d,16005,Hardware,Hardware,0.5480524331579115,True,True,"The available evidence most closely supports Hardware, based on the terms 'machine', 'remote' and 'server', but confidence is low because the ticket contains limited or ambiguous signals."
bfc76c2c9476024fe7c1019eec13214d7938ee3e2961b6d12c9108ea6065391e,16083,Miscellaneous,HR Support,0.5330604913025756,True,False,"The available evidence most closely supports HR Support, based on the terms 'amended' and 'tuesday', but confidence is low because the ticket contains limited or ambiguous signals."
491d7ebbf9a57de715b126b40e0672e8d77beda5b3dd54553fa2915478d008b2,16208,Purchase,Purchase,0.9999909881781452,False,True,"The ticket was classified as Purchase because the terms 'purchase', 'po' and 'administrator' provided the strongest positive model evidence for that category."
603e1cbf01a843e012788109d3d7dfd37bbed4d26c24cc310a526188758352c3,16441,Storage,Storage,0.6952483181101802,False,True,"The ticket was classified as Storage because the terms 'mailbox', 'access' and 'head' provided the strongest positive model evidence for that category."
376d3da40443f0c669591c903c8e318d438ad2f3e41adff44916e1f28d752892,16448,Hardware,Hardware,0.879063686113571,False,True,"The ticket was classified as Hardware because the terms 'accessing', 'cannot' and 'problem' provided the strongest positive model evidence for that category."
370616ba327acd7bb63d8a338dcc07f4758f026e3e365f15dbbdc0ea5baf6aac,16626,Miscellaneous,HR Support,0.6885035929567578,False,False,"The ticket was classified as HR Support because the terms 'transfer', 'oracle' and 'thursday' provided the strongest positive model evidence for that category."
5e251a14440d0bbfbd7edfa444ff9e150b55b2cb57e3c8f77b36a80ebb0c4f17,17003,Hardware,Hardware,0.997779460603874,False,True,"The ticket was classified as Hardware because the terms 'monitor', 'temporary' and 'log' provided the strongest positive model evidence for that category."
f7b56ebd1c8284eec63ed31e752be19f64fedbe1c4ef95e942d3ec6d99c0c53d,17089,HR Support,Hardware,0.3878917309395497,True,False,"The available evidence most closely supports Hardware, based on the terms 'bad', 'mode' and 'log', but confidence is low because the ticket contains limited or ambiguous signals."
d47e797e7b1484db43ac552fb8c64bc69125d32e8e469c0025c288d1532d4dfa,17159,Internal Project,Internal Project,0.9835310344136924,False,True,"The ticket was classified as Internal Project because the terms 'setup', 'project' and 'pas' provided the strongest positive model evidence for that category."
4731b5b4e838c9198a51abeeb5fa99b7cc7ef050771a7ac8e1da01d6bea223d9,17746,Miscellaneous,Miscellaneous,0.980142239169628,False,True,"The ticket was classified as Miscellaneous because the terms 'change', 'approved' and 'name' provided the strongest positive model evidence for that category."
69eabfcc10292a410977c0e478a2dbf18c51666a23d4195a0a41ceaedf0a2dd0,17829,Access,Access,0.7148355641737827,False,True,"The ticket was classified as Access because the terms 'license', 'android' and 'diagrams' provided the strongest positive model evidence for that category."
5f72066ceb35910ca46a6cfcd6587dbbec0edcee6ebc6e5a23fb372a186240a9,18024,Miscellaneous,Miscellaneous,0.9780684603129484,False,True,"The ticket was classified as Miscellaneous because the terms 'change', 'pm' and 'myself' provided the strongest positive model evidence for that category."
51e48616d4609519aa47b7885e9b301a6f12ae4c1974b3e3ce45da892adbd08a,18367,Access,Miscellaneous,0.5855113219263574,True,False,"The available evidence most closely supports Miscellaneous, based on the terms 'contract', 'extended' and 'field', but confidence is low because the ticket contains limited or ambiguous signals."
0fac0329f9b69312e5c986575253624f7a9777fc7689d82a8dfc0563e5f1818b,18508,Storage,Hardware,0.2769142907074525,True,False,"The available evidence most closely supports Hardware, based on the terms 'reduce', 'around' and 'friday', but confidence is low because the ticket contains limited or ambiguous signals."
6861ee095c4372ca5a60b3c06fcb5c5a3d9b9fa973b36a16bc559bd698d24e90,18509,Access,Miscellaneous,0.4891627539339931,True,False,"The available evidence most closely supports Miscellaneous, based on the terms 'add', 'status' and 'pm', but confidence is low because the ticket contains limited or ambiguous signals."
6fe3a3590ef50897f7db8c297a1e3a495e5f9972dbcaf88f3532313a1f4f1947,18615,Storage,Storage,0.6300508882669204,False,True,"The ticket was classified as Storage because the terms 'mailbox', 'give' and 'module' provided the strongest positive model evidence for that category."
c4f672fea846eb6c5f56291fa83c34760a1f84dab3b40f1b489a84f16e8d9722,18782,Hardware,Hardware,0.7330806086874849,False,True,"The ticket was classified as Hardware because the terms 'keyboard', 'tuesday' and 'help' provided the strongest positive model evidence for that category."
1d19289a925011afb09dea2d45e0758b5ac2ef883d9ab67e9317a9c416c7e911,18891,Miscellaneous,Miscellaneous,0.8626794946232803,False,True,"The ticket was classified as Miscellaneous because the terms 'change', 'approvals' and 'manager' provided the strongest positive model evidence for that category."
9a94d0797ec8253e217f439db8e42684c54d1e927c06cab651039cf5d1b44565,18909,Hardware,Hardware,0.4994546698284841,True,True,"The available evidence most closely supports Hardware, based on the terms 'cpu', 'machines' and 'hosted', but confidence is low because the ticket contains limited or ambiguous signals."
3b676f499b9c00053997d2d8e8d34becfc829c1b4e32bcb66474459719cfb6d9,19213,Access,Access,0.9979742511983434,False,True,"The ticket was classified as Access because the terms 'confluence', 'access' and 'working' provided the strongest positive model evidence for that category."
ab3715ce2b30b9966c4c9c373b0726ba6f653bd334d1aa5332975e172e3eae31,19381,HR Support,HR Support,0.8394698452547418,False,True,"The ticket was classified as HR Support because the terms 'access', 'days' and 'march' provided the strongest positive model evidence for that category."
c801979681384a434feabb1a6176a1f5d31b45d249e0f1c44206ac1b032241c8,20304,HR Support,HR Support,0.6060682169693401,False,True,"The ticket was classified as HR Support because the terms 'annual', 'starting' and 'senior' provided the strongest positive model evidence for that category."
544dd07044d7ce58f406c047952f9007026108307420c9ab14dcfbfe5224684e,20423,Access,Access,0.9999813806339152,False,True,The ticket was classified as Access because the terms 'confluence' and 'access' provided the strongest positive model evidence for that category.
5f4d430fda6f140010631361e922840a37bf61e2202965b69872da0d0dcf43d0,21357,Access,Access,0.9999419182801766,False,True,"The ticket was classified as Access because the terms 'confluence', 'accounts' and 'create' provided the strongest positive model evidence for that category."
7981a05be7ae3a1a0a13514f386f90439f36042a86ff6630e3b14391f74e6954,21553,HR Support,HR Support,0.936461552027978,False,True,"The ticket was classified as HR Support because the terms 'oracle', 'access' and 'officer' provided the strongest positive model evidence for that category."
fb3b97d06df6024b5570aee457761f0d6b1d35102eceb3547a52bd23c9c5a062,21863,Access,Access,0.9761654748949938,False,True,"The ticket was classified as Access because the terms 'create', 'created' and 'access' provided the strongest positive model evidence for that category."
2b31c2461ad7fed16933bc646b4b8989c2bb2c86168a2b83c6b3dbbec55ccb2d,22036,Miscellaneous,Miscellaneous,0.9981237597540604,False,True,"The ticket was classified as Miscellaneous because the terms 'change', 'pm' and 'guys' provided the strongest positive model evidence for that category."
3f17d031621a9dce5f2818a541a137ee337eebe72711bd19743d67e36dba9372,22453,HR Support,Miscellaneous,0.4380822631602774,True,False,"The available evidence most closely supports Miscellaneous, based on the terms 'approved', 'submitted' and 'hosting', but confidence is low because the ticket contains limited or ambiguous signals."
721f5451e6b1366e1c541c8fa485b69ec71f6efbd431a87a9e1d078610da550c,23166,Miscellaneous,Miscellaneous,0.4571900650267965,True,True,"The available evidence most closely supports Miscellaneous, based on the terms 'assigned', 'pm' and 'as', but confidence is low because the ticket contains limited or ambiguous signals."
1988cd3a190ad15e1afca15e3e990ccfabe8447017f7614c3692d071b5e89a1d,23173,Storage,Storage,0.9992169210639472,False,True,"The ticket was classified as Storage because the terms 'shared', 'mailbox' and 'box' provided the strongest positive model evidence for that category."
f7a75af5c69451ea0604049bc6eabd822dc84a1c3f4a7f5d0651460e481c53f1,23291,Internal Project,Internal Project,0.9999999689604294,False,True,"The ticket was classified as Internal Project because the terms 'code', 'setup' and 'project' provided the strongest positive model evidence for that category."
6278b158e261b06b5baa64f70b7a856601cfe948c4cbf26f02b0dd6b9a5cc270,23489,HR Support,HR Support,0.9917245456848408,False,True,"The ticket was classified as HR Support because the terms 'starter', 'belgrade' and 'new' provided the strongest positive model evidence for that category."
222368d2c8c88cb7a9e174c066117cac752cd76dc080de3d44e747e70868a1d7,23563,Access,Access,0.9887993923021848,False,True,"The ticket was classified as Access because the terms 'users', 'licenses' and 'accounts' provided the strongest positive model evidence for that category."
3c4a07e13d02a0e5c1c43214a741121819460ec9c464a5a5ebf55201ee92712e,23623,Hardware,Hardware,0.3749373102208656,True,True,"The available evidence most closely supports Hardware, based on the terms 'bios', 'consultant' and 'technical', but confidence is low because the ticket contains limited or ambiguous signals."
efef525bc4988451a5b0936dd387dbeed681382b0cf30a1f2feaa20de2fcc9ff,23686,Access,Access,0.9986231145552888,False,True,"The ticket was classified as Access because the terms 'git', 'access' and 'tester' provided the strongest positive model evidence for that category."
c3162ed0756b04d27cb01493171d0894f727a34ec830ccf1f51066b11387990b,24070,Miscellaneous,Miscellaneous,0.967118911287225,False,True,"The ticket was classified as Miscellaneous because the terms 'add', 'list' and 'pm' provided the strongest positive model evidence for that category."
90c9b2288e5feb23f927b68be4329c2ea404005839a162049833ca3aee8c834f,24085,Hardware,Hardware,0.5696170021648088,True,True,"The available evidence most closely supports Hardware, based on the terms 'cannot', 'issue' and 'using', but confidence is low because the ticket contains limited or ambiguous signals."
3394731b4e89afd264db654d5ba403f3cb57472be16fce689e23af163679974a,24108,Access,Access,0.9541033914689676,False,True,"The ticket was classified as Access because the terms 'studio', 'visual' and 'subscription' provided the strongest positive model evidence for that category."
dbb54e76a484fcde950924c967e81bad00966dbae6f88ea5f118fc396c25f01d,24315,Miscellaneous,Miscellaneous,0.5509300505479334,True,True,"The available evidence most closely supports Miscellaneous, based on the terms 'approver', 'approved' and 'approvals', but confidence is low because the ticket contains limited or ambiguous signals."
76526cf327c3671860912820844e6d0b9e086f8c933d44e7ad6cdd1d82a6e1f2,24331,HR Support,HR Support,0.8594368838314835,False,True,"The ticket was classified as HR Support because the terms 'time', 'entries' and 'allow' provided the strongest positive model evidence for that category."
827bd3397a156f33bdff81b924b0a3221d02a7a84b7d76492fba006c47b4fee1,24363,HR Support,HR Support,0.6888298664731126,False,True,"The ticket was classified as HR Support because the terms 'access', 'provide' and 'pas' provided the strongest positive model evidence for that category."
a95886283a6a2f5112e34f6840235d3f4a09c672bd8158254a2c9efbfd08f624,24457,Miscellaneous,Miscellaneous,0.9031416292897158,False,True,"The ticket was classified as Miscellaneous because the terms 'mailing', 'name' and 'include' provided the strongest positive model evidence for that category."
7a07696bcb3c91cdf70affce7704f017d6d85da93c159dda4a23904edced1ccf,24712,Hardware,Hardware,0.7597420637111997,False,True,"The ticket was classified as Hardware because the terms 'maintenance', 'scheduled' and 'prod' provided the strongest positive model evidence for that category."
ef8493f641473977737dfd6ce58d04e8fbf6c452e18d5aef16ace8bd1642c8c6,24989,Hardware,Hardware,0.9291886759204416,False,True,"The ticket was classified as Hardware because the terms 'updates', 'event' and 'release' provided the strongest positive model evidence for that category."
44a499ab6c2a44566a5d6ddce01ec206385efb7372bff9259d1ae8f6b5ad5a70,25236,HR Support,Hardware,0.4806523914959364,True,False,"The available evidence most closely supports Hardware, based on the terms 'fast', 'block' and 'reason', but confidence is low because the ticket contains limited or ambiguous signals."
fb71cf53f7d4a816b7594e1eaa9133a2f73692f6b20968578a6d7a424af29611,25555,Hardware,Hardware,0.6345919488660394,False,True,"The ticket was classified as Hardware because the terms 'room', 'everything' and 'supposed' provided the strongest positive model evidence for that category."
b6cbdb4ef1553b45c996522d34cd87ac402a4b2f6172fb06bedbc53330b3317f,25603,HR Support,HR Support,0.9608687300991804,False,True,"The ticket was classified as HR Support because the terms 'access', 'floor' and 'officer' provided the strongest positive model evidence for that category."
27b708957625036a1f4df064eb12c3d08a7866e87b10889de2ca899423c795c5,25814,HR Support,HR Support,0.9734328399100382,False,True,"The ticket was classified as HR Support because the terms 'time', 'oracle' and 'internship' provided the strongest positive model evidence for that category."
7d80d5c528fd70dbb6f15e48a5b0d29d6635087e6ab5093929cbb175c293b38e,26171,Access,Access,0.4998933160842145,True,True,"The available evidence most closely supports Access, based on the terms 'repository', 'external' and 'access', but confidence is low because the ticket contains limited or ambiguous signals."
faa6897925ff91625ee0f91d855724c92b2108ef63af1086b372efbd65ca00be,26255,HR Support,HR Support,0.7311117552130834,False,True,"The ticket was classified as HR Support because the terms 'preparer', 'access' and 'november' provided the strongest positive model evidence for that category."
c8e2d61b54b001e81c5288319f14daa425f80245510cde5e4d553dc57fc84b2c,26614,Miscellaneous,Miscellaneous,0.4590762367074014,True,True,"The available evidence most closely supports Miscellaneous, based on the terms 'name', 'person' and 'duplicated', but confidence is low because the ticket contains limited or ambiguous signals."
e42dc32ac6ecf6228a397e5b84d4d5ee3f1bcd894254213a4c3243c04c9ea8cc,26700,Miscellaneous,Miscellaneous,0.4063345442630448,True,True,"The available evidence most closely supports Miscellaneous, based on the terms 'members', 'best' and 'tutorial', but confidence is low because the ticket contains limited or ambiguous signals."
9a1dfb78e7cff7a7f8cf7547a09521aba81bac9d93287ad9fc8f2566766e5c47,26777,HR Support,HR Support,0.5858040698369016,True,True,"The available evidence most closely supports HR Support, based on the terms 'floor', 'november' and 'pm', but confidence is low because the ticket contains limited or ambiguous signals."
c454676a12ad85245954f6124b22db51204fd25bf9d946c2dda391cd35632b75,27084,HR Support,HR Support,0.998308023775227,False,True,"The ticket was classified as HR Support because the terms 'starter', 'fill' and 'new' provided the strongest positive model evidence for that category."
8c176a4dbbbff9116796f6fb86f6b663cd664e9f580f0690b8b724d414e5e888,27560,Purchase,Miscellaneous,0.3205727301932758,True,False,"The available evidence most closely supports Miscellaneous, based on the terms 'named', 'added' and 'pm', but confidence is low because the ticket contains limited or ambiguous signals."
00d3a3e2d0330ae65e5c942e1884cd271ef1b62ba9fa89d9d99ab3713fa541b0,27613,HR Support,HR Support,0.9895383688236518,False,True,"The ticket was classified as HR Support because the terms 'access', 'give' and 'pm' provided the strongest positive model evidence for that category."
1feb441348f6cdd50f49158819d67b21ed60ccc68efae1862f7e2d8f31f2ab98,27782,Access,Access,0.8602745157047942,False,True,"The ticket was classified as Access because the terms 'expire', 'confluence' and 'password' provided the strongest positive model evidence for that category."
5b677e223e826878620a7c97de6d544a8f2b76ac2fcfa89d607751913f315db7,27804,HR Support,HR Support,0.9968090657077042,False,True,"The ticket was classified as HR Support because the terms 'interns', 'leaver' and 'form' provided the strongest positive model evidence for that category."
5ab76e95b15c6a3f7980bb506127152aed8e10a2c679cc58cf77b86d05add23b,28124,Hardware,Hardware,0.8794810806735949,False,True,"The ticket was classified as Hardware because the terms 'machine', 'environments' and 'more' provided the strongest positive model evidence for that category."
ac89792bcbe2c1b61dee78d7457b521b37fc9c169ad5a19709659e0c642d0a05,28134,HR Support,HR Support,0.664412263226009,False,True,"The ticket was classified as HR Support because the terms 'access', 'pas' and 'new' provided the strongest positive model evidence for that category."
33b637b67e5d5dc9f05c60aac6b8bcf7289878bac60e372e1be2042863b96a6c,28398,Miscellaneous,Miscellaneous,0.5689043934582793,True,True,"The available evidence most closely supports Miscellaneous, based on the terms 'add', 'list' and 'called', but confidence is low because the ticket contains limited or ambiguous signals."
c5bd1bd5fd14c503237ee20142e011dca2ad462b472204ec3c01ae3b6406ca5d,28751,Access,Access,0.6331857901141567,False,True,"The ticket was classified as Access because the terms 'account', 'expire' and 'tower' provided the strongest positive model evidence for that category."
f6bba2687655d35f188851dc48f816642f679c2788b343115b5045504a2544ff,29131,HR Support,HR Support,0.9996764089210782,False,True,"The ticket was classified as HR Support because the terms 'starter', 'form' and 'testing' provided the strongest positive model evidence for that category."
42d77b3d49adda43ee6f9443eb9a39cb7df8621666937e3515aedfd5fb5776e8,29483,Hardware,Hardware,0.6542566309664779,False,True,"The ticket was classified as Hardware because the terms 'port', 'connect' and 'working' provided the strongest positive model evidence for that category."
001813078a33d2657274050a47097bae9eeeca54ff0acfa0312472cebf92ddb4,29649,Purchase,Purchase,0.9999604706606572,False,True,"The ticket was classified as Purchase because the terms 'purchase', 'po' and 'installation' provided the strongest positive model evidence for that category."
88a09acdddabbcd5b8a473ce6c085fc108fa72a4606c3d1d6dd1a503a3715aef,29779,HR Support,HR Support,0.999727639779085,False,True,"The ticket was classified as HR Support because the terms 'leave', 'leaver' and 'maternity' provided the strongest positive model evidence for that category."
628d82d76b22019ec3f5481ba63eb6c035bfb4464137fa9382c142c9cffcd966,29843,HR Support,HR Support,0.8829812140948343,False,True,"The ticket was classified as HR Support because the terms 'access', 'contractor' and 'pas' provided the strongest positive model evidence for that category."
824b0e71666f8fc26c0dc7fbbc8b9b2c6751acc1fc265ce571dca911d3cd6688,30197,Purchase,Purchase,0.9999969692735646,False,True,"The ticket was classified as Purchase because the terms 'purchase', 'po' and 'installation' provided the strongest positive model evidence for that category."
68ffc14543334402cc77d2d0a84c7519fe4e7828402a76fc9a885ab939f05714,30368,HR Support,HR Support,0.4725418623802314,True,True,"The available evidence most closely supports HR Support, based on the terms 'days', 'leave' and 'holiday', but confidence is low because the ticket contains limited or ambiguous signals."
a747f48a4ba81255fb12a1e6139046fb9d7d2b8820c64b00f6e9d67193a7ab51,30638,Miscellaneous,Miscellaneous,0.5910457752839455,True,True,"The available evidence most closely supports Miscellaneous, based on the terms 'approved', 'changes' and 'status', but confidence is low because the ticket contains limited or ambiguous signals."
1caa0edd8ac5d53e8b9d0a489e7c5e2e77119ee22b994bdd01f620b6cf2d902d,30963,Access,Access,0.7094180209352844,False,True,"The ticket was classified as Access because the terms 'password', 'reset' and 'immediately' provided the strongest positive model evidence for that category."
82f691f2262279a6aafe1c4df93b5bcfa0fb50826d8238465b74304d2b0c4465,31219,Hardware,Hardware,0.9963811160982196,False,True,"The ticket was classified as Hardware because the terms 'monitor', 'plug' and 'cannot' provided the strongest positive model evidence for that category."
cd728604313a2db7dcef1c2cb4dd8ae294eb6e106a417e1c07b1cae9d5217633,31391,Hardware,Hardware,0.9530074137515148,False,True,"The ticket was classified as Hardware because the terms 'video', 'connecting' and 'cannot' provided the strongest positive model evidence for that category."
bc08b3e003676fe15ce03229cfab36a4058c167f76934a1b5dc584b7e2ac0b3a,31447,Purchase,Purchase,0.9952690431476696,False,True,"The ticket was classified as Purchase because the terms 'po', 'installation' and 'administrator' provided the strongest positive model evidence for that category."
bb6ca019620ca65fdece549d519ef84a41b5bb05af3be34ee10f2914ee62f14c,31461,Hardware,Hardware,0.7869848460146046,False,True,"The ticket was classified as Hardware because the terms 'backpack', 'broken' and 'needed' provided the strongest positive model evidence for that category."
51ae083733e052d79bbfae1a522ab73481234c02565c839b1b68967f4376e2e3,31655,Purchase,Purchase,0.9992516932567008,False,True,"The ticket was classified as Purchase because the terms 'purchase', 'installation' and 'administrator' provided the strongest positive model evidence for that category."
cbd7fb90b95f715d28992c73acbd289fe9d4e4749cecb05429f1f3d46196b506,31826,Internal Project,Internal Project,0.8854323403761108,False,True,"The ticket was classified as Internal Project because the terms 'code', 'project' and 'closeout' provided the strongest positive model evidence for that category."
8875bef1710c54bf8a7720b2bfcf6986de3b3d4675be733841f69d795fb041ea,32228,HR Support,HR Support,0.6744184805219496,False,True,"The ticket was classified as HR Support because the terms 'interns', 'intern' and 'delete' provided the strongest positive model evidence for that category."
866153d5339a6274d43630922c3cc0cbf8473442701b86170f813f85878acd8a,32373,Access,Access,0.9858643034415064,False,True,"The ticket was classified as Access because the terms 'license', 'idea' and 'let' provided the strongest positive model evidence for that category."
db3d531711d5707e5b0a54e051db3b664042bf4aa5ffeb1bd87b5252b30cac89,32671,Access,Access,0.9995448707282129,False,True,"The ticket was classified as Access because the terms 'confluence', 'users' and 'create' provided the strongest positive model evidence for that category."
9973dd6d45fdb6d2fb90e9f6e523a067608a6d79e44708a277f4091e329b420e,32915,Miscellaneous,Miscellaneous,0.8866185287068232,False,True,"The ticket was classified as Miscellaneous because the terms 'tickets', 'queue' and 'closed' provided the strongest positive model evidence for that category."
c53fbb093eaa04d57859c59fcf272afe3f0116906d555e3aec41beaf8cb84c22,33738,Access,Access,0.9997346508222796,False,True,"The ticket was classified as Access because the terms 'create', 'access' and 'analyst' provided the strongest positive model evidence for that category."
d4b40fd0fbb62e3a9d4ea38ebf9d8de4f5c979dbf137045a620a9f196185f805,33991,HR Support,HR Support,0.6704676764497137,False,True,"The ticket was classified as HR Support because the terms 'access', 'pas' and 'tester' provided the strongest positive model evidence for that category."
78bc69ee525a22a2d753d1453acb1fb330d0d42f59e35752b2720fd7809caf74,34081,HR Support,HR Support,0.9635870387668984,False,True,"The ticket was classified as HR Support because the terms 'error', 'week' and 'time' provided the strongest positive model evidence for that category."
84e624f9e00f49bae09841be4893eebf9d5a42e2c5f2c6f0415b00a62162eeeb,34455,Hardware,Hardware,0.7914097968548011,False,True,"The ticket was classified as Hardware because the terms 'message', 'server' and 'access' provided the strongest positive model evidence for that category."
8024db42f102fe174ebd8609e213724bdb7feeb21849124cd435769a52f62ec4,34479,HR Support,HR Support,0.999865761741669,False,True,"The ticket was classified as HR Support because the terms 'error', 'time' and 'submit' provided the strongest positive model evidence for that category."
6fb1339d3eacaaec3acc71daff4ccda5a0208e8f7e2a155bd578c8c7947ba276,35026,HR Support,HR Support,0.8433394525936315,False,True,"The ticket was classified as HR Support because the terms 'leave', 'holiday' and 'week' provided the strongest positive model evidence for that category."
508c3b105b36c54669fc3b1057694c509f56cf6f57a097fef10bdcc031ea8df2,35247,Access,Access,0.8147002478946814,False,True,"The ticket was classified as Access because the terms 'password', 'reset' and 'expire' provided the strongest positive model evidence for that category."
f9346729374da08c08bc7e87ceb0552384dff9613f2a07f3470bdfe8a1c47fb3,35285,HR Support,HR Support,0.9907559870478816,False,True,"The ticket was classified as HR Support because the terms 'timecard', 'submit' and 'error' provided the strongest positive model evidence for that category."
f4a837fbaf15e4f6512647bb31a9f7b31f1b151272d86b3e8ee8db60798c35db,35389,Hardware,Hardware,0.9786870660300888,False,True,"The ticket was classified as Hardware because the terms 'room', 'meeting' and 'booking' provided the strongest positive model evidence for that category."
12c458246b592ffbdfe332642817c31b1f0cc487d706884a2d030824d309587d,35626,Hardware,Hardware,0.9902923329188704,False,True,"The ticket was classified as Hardware because the terms 'certificate', 'meeting' and 'connect' provided the strongest positive model evidence for that category."
d69f7db6925b17a20559274b00bef348d45dda52ce9265f580c53f612cad2038,36105,HR Support,HR Support,0.9269939815422156,False,True,"The ticket was classified as HR Support because the terms 'submit', 'week' and 'leave' provided the strongest positive model evidence for that category."
59fb7bdfa93e712396d7e042ce033f22b98fd940122ec69c39ed282b7395bfbd,36573,Administrative rights,Administrative rights,0.9982048652837971,False,True,"The ticket was classified as Administrative rights because the terms 'upgrade', 'os' and 'software' provided the strongest positive model evidence for that category."
79e48509c026d0913960e21ca6ed87a7860de2367f91ef7080ee0fe50e0e346d,36589,HR Support,Miscellaneous,0.3845035631646174,True,False,"The available evidence most closely supports Miscellaneous, based on the terms 'ticket', 'task' and 'changing', but confidence is low because the ticket contains limited or ambiguous signals."
ac12f97cd026bf32f824929194ff2be4d8b7ec1314d0576e829f998a7f4bd143,36638,Hardware,Hardware,0.9981249982013692,False,True,"The ticket was classified as Hardware because the terms 'phone', 'room' and 'meeting' provided the strongest positive model evidence for that category."
167f42d305ccc4840aba9c91eb0bb982ebbae68091f9611cff0609e0eddb306e,36646,Administrative rights,Administrative rights,0.993879162983566,False,True,"The ticket was classified as Administrative rights because the terms 'upgrade', 'windows' and 'assets' provided the strongest positive model evidence for that category."
bdcd0285f90ca490c3eb3de27177d74e82b164d6fd5c70ddf218fef57c259709,36703,Storage,Storage,0.994455091247514,False,True,"The ticket was classified as Storage because the terms 'folder', 'folders' and 'file' provided the strongest positive model evidence for that category."
388e2d0627932136b493813e58c338e6e695a97e695eb19daaa135fc07d0edc2,37360,Miscellaneous,Miscellaneous,0.6462154155200062,False,True,"The ticket was classified as Miscellaneous because the terms 'list', 'ticket' and 'drop' provided the strongest positive model evidence for that category."
56b104983e0cc42808320090237843cd96768e9667a5533ee4200d623d2b57ad,37385,Hardware,Hardware,0.3555722109144378,True,True,"The available evidence most closely supports Hardware, based on the terms 'issue', 'screen' and 'you', but confidence is low because the ticket contains limited or ambiguous signals."
75ff1ad1d33a937be9dc62acabea1d040f2c19a325c2ee1a78fdf02a86bc2439,37413,HR Support,HR Support,0.5081837248249217,True,True,"The available evidence most closely supports HR Support, based on the terms 'access', 'main' and 'friday', but confidence is low because the ticket contains limited or ambiguous signals."
ce04c22c7be2581544194963924050c124d73a301eb7c96f6a0069d962f3df01,37509,Administrative rights,Administrative rights,0.8849128311214741,False,True,"The ticket was classified as Administrative rights because the terms 'upgrade', 'issues' and 'update' provided the strongest positive model evidence for that category."
eab80292db0c92fd935ebfdc3985bbb9306b697b6ffa9494729a8f3b01c3ee63,37802,HR Support,HR Support,0.9986353238999706,False,True,"The ticket was classified as HR Support because the terms 'error', 'timecard' and 'submit' provided the strongest positive model evidence for that category."
253f9e987a42e8aaec7dc3f53a1e583ad02520e0be7320c6e93cf62e86ae7229,37880,Hardware,Hardware,0.7170330866779123,False,True,"The ticket was classified as Hardware because the terms 'can', 'you' and 'working' provided the strongest positive model evidence for that category."
eb00d3a4f438dcc90271fba5c2af1f76f8b7dbc4a4e70450cfec2c8e92f2756a,37901,Hardware,Hardware,0.9098144730890132,False,True,"The ticket was classified as Hardware because the terms 'laptop', 'performance' and 'can' provided the strongest positive model evidence for that category."
2160a7fd17ab194266e0d24b4e2b9698604b14a7e883e23d76ea05ac667134fd,37970,Administrative rights,Administrative rights,0.9946417128806,False,True,"The ticket was classified as Administrative rights because the terms 'upgrade', 'windows' and 'update' provided the strongest positive model evidence for that category."
2eba907188fffca506b5cda93d1ee0a6289ea3da23c30a74cf28b097a4a1a10a,38134,Administrative rights,Administrative rights,0.9717391714941312,False,True,"The ticket was classified as Administrative rights because the terms 'upgrade', 'software' and 'windows' provided the strongest positive model evidence for that category."
56c02b349b69bc16844a2706185f8df86435363524548803b07360b41580bfac,38138,Hardware,Hardware,0.9910493920225202,False,True,"The ticket was classified as Hardware because the terms 'cable', 'connection' and 'network' provided the strongest positive model evidence for that category."
641c7768e8352f2022217ea9b07ef3b5f256bd3e9a69bb32e4216fed15a37068,38335,Hardware,Hardware,0.5694873915060347,True,True,"The available evidence most closely supports Hardware, based on the terms 'you', 'can' and 'our', but confidence is low because the ticket contains limited or ambiguous signals."
4138265a425fd9c461e75f755b627fdde73826ae166b799a58ee05c71e9c25a1,38377,Hardware,Hardware,0.8571359724809373,False,True,"The ticket was classified as Hardware because the terms 'laptop', 'you' and 'can' provided the strongest positive model evidence for that category."
04b1b7202cd19f312d7b041a952367a127d403b2fa4ebc7dc375a415a7188c03,39047,Hardware,Hardware,0.8862976146198324,False,True,"The ticket was classified as Hardware because the terms 'phones', 'you' and 'working' provided the strongest positive model evidence for that category."
a92af5509bd8c2926c3eda1070d115cd4fc5bcd6262a98f5430c3a07881068f5,39550,HR Support,HR Support,0.8455866961869749,False,True,"The ticket was classified as HR Support because the terms 'error', 'week' and 'delete' provided the strongest positive model evidence for that category."
ca92e4fb5386fd0ea3a2ac11eebae8c81154c1cd317689b08f4f67d68fd76591,39945,Hardware,Hardware,0.8072182729973938,False,True,"The ticket was classified as Hardware because the terms 'document', 'message' and 'checked' provided the strongest positive model evidence for that category."
9438d0f1c4c87a5d6d3eb8ffbdeb2d39f4458a32df211ce5bf2c9c46a539b212,40098,Administrative rights,Administrative rights,0.5803358318062412,True,True,"The available evidence most closely supports Administrative rights, based on the terms 'outlook', 'connect' and 'july', but confidence is low because the ticket contains limited or ambiguous signals."
3361279ca459b6f8c1df1ad3de4e23f287c8b33700147f5d30c4678949eeb7ca,40107,Miscellaneous,Miscellaneous,0.8298226831436704,False,True,"The ticket was classified as Miscellaneous because the terms 'change', 'incident' and 'active' provided the strongest positive model evidence for that category."
ba33da962d30b24b09e31c6eb7d2e3c7abb3290ffa7fa1038bedb1d0fedc050d,40274,Hardware,Hardware,0.7617818758351321,False,True,"The ticket was classified as Hardware because the terms 'camera', 'tv' and 'message' provided the strongest positive model evidence for that category."
c759f49319c712143eecc1373233c86c7fe7132956a897614146d144ed5b1975,40536,HR Support,Hardware,0.4525829226096436,True,False,"The available evidence most closely supports Hardware, based on the terms 'toner', 'can' and 'message', but confidence is low because the ticket contains limited or ambiguous signals."
f8beab065127aee002aaed56e79e9f21ad123b5a84852b701b1b27acf8306957,40931,Hardware,Hardware,0.9818382842609122,False,True,"The ticket was classified as Hardware because the terms 'room', 'meeting' and 'booking' provided the strongest positive model evidence for that category."
aee634f463a43adba9fb7856d49de88ec44106b1ff82e3d644fc3dd24e002ffd,41034,HR Support,Hardware,0.4157214565496356,True,False,"The available evidence most closely supports Hardware, based on the terms 'access', 'can' and 'needed', but confidence is low because the ticket contains limited or ambiguous signals."
16dd99ce1413cf24aa9d94e75de701ef342ca012bcb6795771a13040cba7dc4b,41342,Administrative rights,Miscellaneous,0.3197135101331621,True,False,"The available evidence most closely supports Miscellaneous, based on the terms 'incident', 'snow' and 'delays', but confidence is low because the ticket contains limited or ambiguous signals."
f71cfd41d097f426e20f9904105f288161ef1510f5c97fa4c8dd5d46f3d8631e,41351,Hardware,Hardware,0.902822399295137,False,True,"The ticket was classified as Hardware because the terms 'certificate', 'message' and 'keep' provided the strongest positive model evidence for that category."
e3d13379ae20169a207c9d68f6dac471da88012bf26cd11c25d4d2a390c235ce,41402,Miscellaneous,Miscellaneous,0.9932946103502384,False,True,"The ticket was classified as Miscellaneous because the terms 'approval', 'approve' and 'manager' provided the strongest positive model evidence for that category."
d531e2308f5f660544983b8986ff7ddcba34a2aa800a01a69f29cba018bdd103,41744,Hardware,Hardware,0.5404001708019409,True,True,"The available evidence most closely supports Hardware, based on the terms 'connection', 'you' and 'message', but confidence is low because the ticket contains limited or ambiguous signals."
0a8572bd66e20517d66c747f057988784e41acf75930f3479c84171879985b42,41747,HR Support,HR Support,0.9992952093778192,False,True,"The ticket was classified as HR Support because the terms 'timecard', 'error' and 'oracle' provided the strongest positive model evidence for that category."
9d03b0b381cc208a5f474e278357c3bcb43d31e9ed5c84928aa648de851602b7,41866,Storage,Storage,0.9541064310712362,False,True,"The ticket was classified as Storage because the terms 'folder', 'file' and 'red' provided the strongest positive model evidence for that category."
20bd794515f3644d76ed8a9a8457f72024c33bfc90c82dd6b9893276172ccd6e,41938,Hardware,Hardware,0.9906900009999204,False,True,"The ticket was classified as Hardware because the terms 'monitor', 'screen' and 'you' provided the strongest positive model evidence for that category."
81b583002e30461f0d0b644a397d25f63008977c36d787c53383246d38451a2a,41952,Hardware,Hardware,0.7486329516727791,False,True,"The ticket was classified as Hardware because the terms 'network', 'can' and 'you' provided the strongest positive model evidence for that category."
c43723c12076a4d3d6a3e8c7f4180a29e304a4ae191bfe4e9d944f4b2c9bd12c,42712,Access,Access,0.6980715547720076,False,True,"The ticket was classified as Access because the terms 'accounts', 'ad' and 'disabled' provided the strongest positive model evidence for that category."
5eb4d91aff2e745d39727e7f99281fda40771b810c8962df9a30a715a832d6e6,42775,Hardware,Hardware,0.9660572027857696,False,True,"The ticket was classified as Hardware because the terms 'slow', 'accessing' and 'we' provided the strongest positive model evidence for that category."
e7cad29ecb6cb50acb7787e217f34db37f204a43a81696dd7d671d849a3be743,43257,Storage,Storage,0.8658401075809073,False,True,"The ticket was classified as Storage because the terms 'files', 'archive' and 'folders' provided the strongest positive model evidence for that category."
71a371282af44a9e177561230dc6c022d05bf186ed4ef25e751210fb4f6fbd97,43260,Hardware,Hardware,0.9969979426698636,False,True,"The ticket was classified as Hardware because the terms 'cable', 'connection' and 'broken' provided the strongest positive model evidence for that category."
aa2401d2467c5187ed5b0093d4dbd3b7397ed2b7690d8dc15c19abcb546ccf74,43421,HR Support,HR Support,0.5845187216638895,True,True,"The available evidence most closely supports HR Support, based on the terms 'belgrade', 'testing' and 'senior', but confidence is low because the ticket contains limited or ambiguous signals."
6b44105a5f1f004f9bd98c6959b63dd53a2b4efba3dc1d0b2f03bf30e67cd4ef,43632,HR Support,HR Support,0.8065018876637956,False,True,"The ticket was classified as HR Support because the terms 'leave', 'annual' and 'days' provided the strongest positive model evidence for that category."
1a540a8d510fa7e24e5c692690f04632f1a66e87d0010ec515c84e5c0086b48e,43707,Miscellaneous,Miscellaneous,0.9886616202958955,False,True,"The ticket was classified as Miscellaneous because the terms 'ticket', 'tickets' and 'close' provided the strongest positive model evidence for that category."
05a91af5681959b2f34723d9ac3415d58245e2a952ea6b635a60f4e00d714ebf,43716,HR Support,HR Support,0.8474538731849693,False,True,"The ticket was classified as HR Support because the terms 'leave', 'leaver' and 'maternity' provided the strongest positive model evidence for that category."
5823f29e52e847e5b6e34146cd60e45be25c1ca0d3493a7c60493041a069ee37,43861,Internal Project,Internal Project,0.9136162131561943,False,True,"The ticket was classified as Internal Project because the terms 'code', 'project' and 'complete' provided the strongest positive model evidence for that category."
505c193025ab0946da4b4fd43d11ea89810fa83bd8badbefa4cc7f437c73ca05,44057,Hardware,Hardware,0.5432129708592144,True,True,"The available evidence most closely supports Hardware, based on the terms 'can', 'locator' and 'you', but confidence is low because the ticket contains limited or ambiguous signals."
e853b615307458786346f9efa7b639a71a94dc9820760ef6fdb5b63ea85a09a9,44467,Storage,Storage,0.6880922263540378,False,True,"The ticket was classified as Storage because the terms 'wants', 'rights' and 'library' provided the strongest positive model evidence for that category."
59e6fee952186c94fbd56e891761e0d7756371b2015c74042bfc0d1c5e75a2f5,44600,Hardware,Hardware,0.8855384643779327,False,True,"The ticket was classified as Hardware because the terms 'working', 'can' and 'you' provided the strongest positive model evidence for that category."
dc44e70e0053cdd1f64b93c22ee6765fdf65bbf7b9f7110ed99d6bc54f1cf52a,44719,Internal Project,Internal Project,0.709279055128905,False,True,"The ticket was classified as Internal Project because the terms 'code', 'codes' and 'exempt' provided the strongest positive model evidence for that category."
0b96e54c2e85f6a8d01b0f76610eeb2cb706938a39e00327b1106ac6a86eb9df,45403,HR Support,HR Support,0.4311788283695758,True,True,"The available evidence most closely supports HR Support, based on the terms 'probation', 'form' and 'end', but confidence is low because the ticket contains limited or ambiguous signals."
37dc2589e0833aa9a4da71004ef33a772151b3e429df08485a8a32d99a744d7e,45951,Hardware,Hardware,0.9733607855087048,False,True,"The ticket was classified as Hardware because the terms 'you', 'can' and 'accessing' provided the strongest positive model evidence for that category."
1218ec78c8ae593c9e39c68d6e3852f660b60519aac9b5653bc490998020aa97,46001,Hardware,Hardware,0.9662077852176172,False,True,"The ticket was classified as Hardware because the terms 'monitor', 'you' and 'call' provided the strongest positive model evidence for that category."
3c9fd2f399b8ca46c1c7b54e954b04f11713c975e77dd3d4e4375cf7fc7ed999,46019,Access,Access,0.9971528305967796,False,True,"The ticket was classified as Access because the terms 'card', 'lost' and 'visitor' provided the strongest positive model evidence for that category."
1d73331be124fe9c21cf0e5a521468bec301074ad53a46d875dab08d527f26b3,46206,Access,Access,0.998429094007513,False,True,"The ticket was classified as Access because the terms 'password', 'expire' and 'reset' provided the strongest positive model evidence for that category."
2c1e86b2cbff7e7215b4653367da413830503dea10c309bafacf88b447b29db2,46239,Hardware,Hardware,0.8398097367172138,False,True,"The ticket was classified as Hardware because the terms 'can', 'you' and 'costs' provided the strongest positive model evidence for that category."
00abc76c9a760200e8e2f5d2be15fbaa7c0e065f5bf069a96bb612c68fff1a35,46590,Hardware,Hardware,0.994953795220174,False,True,"The ticket was classified as Hardware because the terms 'laptop', 'ca' and 'call' provided the strongest positive model evidence for that category."
62efff71e4f740e58674660d1c2c52248a2fc4b65a3796bab025cac33b86e4b1,46966,Miscellaneous,Miscellaneous,0.4739309057021846,True,True,"The available evidence most closely supports Miscellaneous, based on the terms 'ticket', 'notifications' and 'resolution', but confidence is low because the ticket contains limited or ambiguous signals."
9e6b10b712ef0ffdba0b7d2f31857983e0268edcc89e0d10a55d7f3fe3eff42a,47289,Hardware,Hardware,0.8821234967004162,False,True,"The ticket was classified as Hardware because the terms 'updates', 'you' and 'connection' provided the strongest positive model evidence for that category."
