extreme_group,Topic_group,character_count,word_count,Document
shortest,Hardware,7,2,open si
shortest,Miscellaneous,7,2,bug bug
shortest,Hardware,9,2,cont care
shortest,Hardware,10,2,de manager
shortest,Hardware,11,2,issue issue
shortest,Hardware,12,2,cable tester
shortest,HR Support,13,2,leaver leaver
shortest,HR Support,13,2,enable enable
shortest,Access,17,2,account developer
shortest,HR Support,17,2,possible possible
longest,Hardware,7015,923,for re hi after talking mo looks link function best positioned make change please add routes existing interconnect via added routes which carried across then over connect believe needs done add route also route also add dynamic routing main please hesitate come back thanks infrastructure architect ext october re thanks mo mo please liaise going forward regards infrastructure programme upcoming leave st december october re good morning gents mo taking today looks added route which mean add routing well mo cr change mo please update after taken thanks infrastructure architect ext october re hi looking once routing has setup tested successfully please configuration resolved test prior regards infrastructure programme upcoming leave st december october re hi done work unable connect saying cannot traffic copy thread anybody also include based test seems resolve suspicion routing attached hit routing then connect well thanks number re hi let work scheduled thanks number re hi thanks update pass thanks number re hi found own dedicated which manage legacy traffic jump going over dedicated link which looks manage connected source mentioned filtering user traffic although four addresses traffic whole assigned over possible give flexibility more future without engagement possible then four let flexibility rest range again avoid helps please give shout thanks infrastructure architect ext re hi help quite call believe side hosts user workstations thanks number re thanks makes sense leave liaise detail wondering allowing hosts currently side obviously means overhead perhaps unexpected future niggles side hosts replaced refreshed scaled out tm side change each way re consistent re allowing re hi intention change question come allow users via site site specifically authenticate currently how works premise makes sense number re thanks infrastructure programme upcoming leave st december re hi guess normal he intention tighten things worried documenting needs future imagine upgrades replacements definitely possible medium term regards head infrastructure hi speak regards infrastructure programme upcoming leave st december re thanks networks help questions please number re hi coming addresses please coming addresses supplied were thanks kind regards wrote hi confusion connect listed then connect required number re hi then want tm please setup rules thanks kind regards wrote hi idea directly without having hop connect maybe call help explaining correctly number re hi allows were rules previously think change allow terminal hop terminal gain tm rules thanks kind regards wrote good morning information implies these please let rule allows then submit change add these rule thanks networks mobile forwarded date re hi believe test ad these change number re hello addresses cluster rules restrict these devices networks mobile wrote hi basically looks re right about how clusters intended how much infrastructure cluster depend caused cluster authority plumbing clusters clarify various routes these wrote hi about finished build part connect directly done diagram much best guess misunderstood configuration setup believe idea connect directly remote then similar way connect remote maybe call best thanks number architect largest multimedia publishers award winning portfolio brands important notice attachments meant intended recipient also contain confidential privileged information intended recipient reliance disclosure copying attachments strictly prohibited please notify immediately by received by mistake delete attachments views opinions solely author necessarily represent companies hereinafter referred tm tm accept liability content consequences actions taken basis information provided information subsequently confirmed writing although every reasonable effort made keep free viruses tm accept liability virus transmitted by attachments recipient date virus checking software subject interception monitoring operational reasons lawful practices parent companies registered canada square canary wharf largest multimedia publishers award winning portfolio brands important notice attachments meant intended recipient also contain confidential privileged information intended recipient reliance disclosure copying attachments strictly prohibited please notify immediately by received by mistake delete attachments views opinions solely author necessarily represent companies hereinafter referred tm tm accept liability content consequences actions taken basis information provided information subsequently confirmed writing although every reasonable effort made keep free viruses tm accept liability virus transmitted by attachments recipient date virus checking software subject interception monitoring operational reasons lawful practices parent companies registered canada square canary wharf largest multimedia publishers award winning portfolio brands important notice attachments meant intended recipient also contain confidential privileged information intended recipient reliance disclosure copying attachments strictly prohibited please notify immediately by received by mistake delete attachments views opinions solely author necessarily represent companies hereinafter referred tm tm accept liability content consequences actions taken basis information provided information subsequently confirmed writing although every reasonable effort made keep free viruses tm accept liability virus transmitted by attachments recipient date virus checking software subject interception monitoring operational reasons lawful practices parent companies registered canada square canary wharf largest multimedia publishers award winning portfolio brands important notice attachments meant intended recipient also contain confidential privileged information intended recipient reliance disclosure copying attachments strictly prohibited please notify immediately by received by mistake delete attachments views opinions solely author necessarily represent companies hereinafter referred tm tm accept liability content consequences actions taken basis information provided information subsequently confirmed writing although every reasonable effort made keep free viruses tm accept liability virus transmitted by attachments recipient date virus checking software subject interception monitoring operational reasons lawful practices parent companies registered canada square canary wharf largest multimedia publishers award winning portfolio brands important notice attachments meant intended recipient also contain confidential privileged information intended recipient reliance disclosure copying attachments strictly prohibited please notify immediately by received by mistake delete attachments views opinions solely author necessarily represent companies hereinafter referred tm tm accept liability content consequences actions taken basis information provided information subsequently confirmed writing although every reasonable effort made keep free viruses tm accept liability
longest,Miscellaneous,6912,953,signed signed hello please log assign best regards senior engineer wednesday pm signed hi please example convinced problem where things updated then regress seen multiple times opportunities which close dates future which then revert close dates past more serious trail destroyed signed contracts signed attached approved yet draft status trail which show has happened way back executed which won destroy trail which shows approved signing regards signed hi looking somehow draft contract id signed attached without approve going seen few times recently think having database issues going cause issues view things sometimes back few steps thoughts december re signed hi please attached completed duly countersigned appreciate help pragmatism getting forward working both again kind regards december signed please attached signed thank process thank help regards floor istanbul turkey fax mobil friday december pm re description section revisions hi by separate best counsel germany munich germany fax mobile friday december pm re description section revisions hi please final agreed modifications asap appreciate help putting touch well please sign once receive document taking flack allowing work proceed appreciate getting cleared weekend please call challenges other requests had kind regards december re description section revisions sign information modified per thank counsel germany munich germany fax mobile friday december re description section revisions thanks sign return please thanks december re description section revisions hi apologies confusion caused middle east two separate entities holds shares middle east both registered boston branch middle east registered also doing best counsel germany munich germany fax mobile thursday december pm re description section revisions hi thanks help far light note believe proceed attached please soonest convenience sign return once appreciate turnaround finally did manage connect think name gave proceed work framework agreement believe enable better agree work globally under corporate form massachusetts billing etc which hopefully negate outstanding requirement meaningful sanctions done thanks everyone understanding far kind regards december re description section revisions hi trading registered name middle east reference corporate form registered commonwealth massachusetts states best counsel germany munich germany fax mobile thursday december re description section revisions hi thank confusion report attached middle east rather than middle east attached separate report middle east which has different according has ceased trading shed light thanks december re description section revisions hi exactly looking name middle east attached relevant report thanks wednesday december pm re description section revisions hi hear back today mind chasing overnight tomorrow please ran test entities find got positive results attached transparency headline find trading obviously getting challenge about working without contract help resolve much appreciated thanks december re description section revisions copying controller run screens order establish client output old insights thank counsel germany munich germany fax mobile tuesday december pm re description section revisions thanks run suppliers part process understand idea information independently these checks etc defer colleagues about asking information bypass off today controller has helping her absence cast light please tx removed wider detail december re description section revisions hi information old maybe help internally thank counsel germany munich germany fax mobile tuesday december pm re description section revisions hi thanks confirmation doing wrong keep getting challenges reports region shared interests transparency putting wrong kind regards december re description section revisions confirmed best regards counsel germany munich germany fax mobile tuesday december pm re description section revisions thanks clarify contracting entity subject doing checks kind regards december re description section revisions hi qatar branch middle east headquarters entity provided by best counsel germany munich germany fax mobile tuesday december pm re description section revisions hi please entity undertake satisfactory sanctions report qatar supplied please undertake these checks middle east tower level po arab emirates fax kind regards december re description section revisions hi good middle east entity representing regional cluster offices headquartered fully owned by partnership difference where work perspective other hand contracting done entity teams managing related tasks signature stage regards floor istanbul turkey fax mobil december pm re description section revisions hi how did tried couple different times today got please call thanks december re description section revisions hi excited looking forward hearing great believe almost let please back best execute today please planning assumption regards floor istanbul turkey fax mobil december pm re description section revisions dear thank looking forward prepared potential follow work has gone morning his wife expecting child fingers crossed both firstly outstanding order sign re attached requested contract different entity update please obviously want agreed signed prior starting work regarding framework agreement working until re her framework agreement review believe she passing over gentleman called jointly agreed meantime share rate card normal execution work without short term premiums preference out thanks december re description section revisions dear thank looking forward working deliver success digital radar together great connect separately how build rates downstream work cover agreement how best serve partnership istanbul ramping deepen bench part recommend also think about anticipation future work copying organize session regards floor istanbul turkey fax mobil wednesday november pm re description section revisions dear days had saturday agree understand round mean loop round again think given where importance both engagement succeeding re going fall out over days manage agreed room over re rather beyond edge budget wording issue edits add gives leeway flex days otherwise think fine agree edits review revert tomorrow otherwise said re looking forward getting started next regards november description section revisions dear please revised description section please note planning total per light version quotation also critical takes ownership driven deliverables respective phases maturity assessment action planning course jointly manage within allotment pricing adjusted per latest phone discussion correctly reflected document counsel come final version side section needs reflected commercial terms section description work client readiness assessment deliver pathway client radar digital readiness assessment client shall provide completing digital radar
longest,Administrative rights,6880,981,complete tab re complete tab please hi ll have look come back you please log ticket for assign thank you best regards administrator sent monday july fwd complete tab please hi can someone please check out access unable amend tab regards change control one canada square canary wharf change control forwarded message date july re complete tab please hi was previously able complete changes what happened be grateful if you could close one for regards notice leave monday st july friday th inclusive manager relationship manager wales mob july change control wrote hi speak our check out your access ll get back you you want close change for you for being thanks change control one canada square canary wharf change control july wrote hi have closed tasks each open changes but when going tab how successful was change option cannot be amended something regards notice leave monday st july friday th inclusive manager relationship manager wales mob july change control wrote hi there can you please complete tab within changes below owned by yourself order for move them completed asap number requested by short description start date end date decommission implemented remove monitoring implemented add address ranges needs be informed about implemented site closure ceased shut down implemented deploy fix for neon inserts implemented deploy fix for neon inserts implemented apply chrome update policy asp users implemented create share dc with dc used for storing implemented create for non production migration implemented add dc dc application layer for dc access layer implemented server decommission implemented server decommission implemented server decommission implemented blade server dc implemented virtual number for call centre implemented virtual number for call centre implemented crook planned open port allow access fixed needed updated implemented abc return file implemented regards change control one canada square canary wharf change control one largest multimedia publishers with award winning portfolio brands important notice including any attachments meant only for intended recipient also contain confidential privileged information if you intended recipient any reliance use disclosure or copying or attachments strictly prohibited please notify immediately by if you have received message by mistake delete attachments any views or opinions solely those author necessarily represent those or companies hereinafter referred tm tm accept liability for content or for consequences any actions taken basis information provided unless information subsequently confirmed writing although every reasonable effort made keep free viruses tm accept liability for any virus transmitted by or any attachments recipient should use up date virus checking software or address be subject interception or monitoring for operational reasons or for lawful practices parent companies registered with address one canada square canary wharf one largest multimedia publishers with award winning portfolio brands important notice including any attachments meant only for intended recipient also contain confidential privileged information if you intended recipient any reliance use disclosure or copying or attachments strictly prohibited please notify immediately by if you have received message by mistake delete attachments any views or opinions solely those author necessarily represent those or companies hereinafter referred tm tm accept liability for content or for consequences any actions taken basis information provided unless information subsequently confirmed writing although every reasonable effort made keep free viruses tm accept liability for any virus transmitted by or any attachments recipient should use up date virus checking software or address be subject interception or monitoring for operational reasons or for lawful practices parent companies registered with address one canada square canary wharf one largest multimedia publishers with award winning portfolio brands important notice including any attachments meant only for intended recipient also contain confidential privileged information if you intended recipient any reliance use disclosure or copying or attachments strictly prohibited please notify immediately by if you have received message by mistake delete attachments any views or opinions solely those author necessarily represent those or companies hereinafter referred tm tm accept liability for content or for consequences any actions taken basis information provided unless information subsequently confirmed writing although every reasonable effort made keep free viruses tm accept liability for any virus transmitted by or any attachments recipient should use up date virus checking software or address be subject interception or monitoring for operational reasons or for lawful practices parent companies registered with address one canada square canary wharf one largest multimedia publishers with award winning portfolio brands important notice including any attachments meant only for intended recipient also contain confidential privileged information if you intended recipient any reliance use disclosure or copying or attachments strictly prohibited please notify immediately by if you have received message by mistake delete attachments any views or opinions solely those author necessarily represent those or companies hereinafter referred tm tm accept liability for content or for consequences any actions taken basis information provided unless information subsequently confirmed writing although every reasonable effort made keep free viruses tm accept liability for any virus transmitted by or any attachments recipient should use up date virus checking software or address be subject interception or monitoring for operational reasons or for lawful practices parent companies registered with address one canada square canary wharf one largest multimedia publishers with award winning portfolio brands important notice including any attachments meant only for intended recipient also contain confidential privileged information if you intended recipient any reliance use disclosure or copying or attachments strictly prohibited please notify immediately by if you have received message by mistake delete attachments any views or opinions solely those author necessarily represent those or companies hereinafter referred tm tm accept liability for content or for consequences any actions taken basis information provided unless information subsequently confirmed writing although every reasonable effort made keep free viruses tm accept liability for any virus transmitted by or any attachments recipient should use up date virus checking software or address be subject interception or monitoring for operational reasons or for lawful practices parent companies registered with address one canada square canary wharf
longest,Hardware,6699,931,sr stack issues notification sr stack issues hello please kind help out by by pm kindest regards leader tuesday re sr stack issues hi thanks how issues translate user impact thrown please ensure advise working rd party thank re sr stack issues hello issue experienced under reported users more less getting common did hear complaints lot users best regards engineer ext tuesday re sr stack issues hi guys issues meantime please again include thank sr stack issues yesterday senior engineer please consider environment print attach re sr stack issues hello kind reminder problem persist shall next logs stack link change switch stack stack port switch down stack link change switch stack stack port switch down redundancy standby lost standby processor fault peer present redundancy standby lost standby processor fault peer down redundancy standby lost standby processor fault peer redundancy change down session handle going down reason failure destroyed session destroyed neigh proc handle act dual neighbor down peer down notified chassis down event chassis gone down rf rf reload peer reload reason standby down redundancy peer lost active detected switch standby protocol interface port channel changed down link interface changed down link interface changed down link interface changed down link interface changed down link interface changed down link interface changed down link interface changed down link interface changed down link interface changed down link interface changed down link interface changed down link interface changed down link interface changed down link interface changed down link interface changed down link interface changed down link interface changed down link interface changed down link interface changed down link interface changed down link interface port channel changed down link interface changed down link interface changed down link interface changed down link interface changed down link interface changed down protocol interface changed down protocol interface changed down protocol interface changed down protocol interface changed down protocol interface changed down protocol interface changed down protocol interface changed down protocol interface changed down protocol interface changed down protocol interface changed down protocol interface changed down protocol interface changed down protocol interface changed down protocol interface changed down protocol interface changed down protocol interface changed down protocol interface changed down protocol interface changed down protocol interface changed down protocol interface changed down protocol interface changed down protocol interface changed down protocol interface changed down protocol interface changed down protocol interface changed down dual neighbor down expired channel channel event switch relay channel down destroyed session destroyed neigh proc handle act dual neighbor adjacency stack link change switch stack stack port switch stack link change switch stack stack port switch switch added switch stack switch has added stack switch added switch stack switch has added stack platform cable event switch stack cable removed channel channel event switch relay channel election elect active switch setting active switch relay elect switch port stack link change switch stack stack port switch down stack link change switch stack stack port switch down stack link change switch stack stack port switch stack link change switch stack stack port switch switch added switch stack switch has added stack switch added switch stack switch has added stack link interface changed link interface changed link interface changed link interface changed protocol interface changed link interface changed link interface changed protocol interface changed link interface changed protocol interface changed link interface changed protocol interface changed protocol interface changed protocol interface changed protocol interface changed platform pm inserted uplink module inserted switch slot protocol interface changed platform pm module inserted module inserted interface name platform pm module inserted module inserted interface name link interface changed link interface changed link interface changed link interface changed link interface changed link interface changed protocol interface changed protocol interface changed protocol interface changed protocol interface changed protocol interface changed link interface changed protocol interface changed link interface changed protocol interface changed link interface changed link interface changed link interface changed protocol interface changed link interface changed link interface changed link interface changed link interface changed protocol interface changed link interface changed protocol interface changed protocol interface changed protocol interface changed protocol interface changed protocol interface changed dual neighbor adjacency created session created neigh proc handle act protocol interface changed session handle going link interface port channel changed protocol interface changed protocol interface port channel changed dual neighbor down expired dual neighbor adjacency standby elected switch stack switch has elected standby redundancy peer active detected switch standby redundancy peer monitor event active detected standby insertion raw event peer found redundancy peer monitor event active detected standby insertion raw event peer redundancy change sync bulk succeed bulk sync succeeded rf rf terminal terminal reached senior engineer please consider environment print friday attach re sr stack issues hello changed cables issue resolved yet platform received chassis event become active channel channel event switch relay channel redundancy peer present redundancy peer down redundancy peer redundancy change platform became active ready switch primary after chassis confirmation election elect active switch setting active switch relay elect switch port platform received chassis event became active platform detail received chassis event became active switch primary count chassis down event chassis gone down logging host port started initiated logging host port started initiated console enable switch console type changed default link interface changed link interface changed protocol interface null changed link interface changed link interface changed down link interface changed down link interface changed down link interface changed down link interface changed down senior engineer please consider environment print tuesday attach sr stack issues hi doing well provide update anticipating valuable response note function program ensure timely response regards administrator work friday pm pm
longest,Hardware,6610,863,extension of ram to on prod db servers and friday march re task has assigned hello everyone thank much performed investigation appreciated think closed extension prod based highlighted recommendation considering also multiple alerts past monitoring regarding memory pool capabilities extensions after recent upgrade big warning memory has increased both nodes size instead currently choice thank engineer thursday march pm task has assigned hello finished analyze event identify root cause happened around tried describe shortly environment conditions behavior even boring too much technical details these clear understanding about database environment cluster node acting primary two replica cluster node acting secondary two replica cst availability synchronous mode automatic hosting database availability synchronous mode automatic hosting databases description around database instance hosted node has automatically restarted due high memory cpu pressure captures restart unexpected log tracked database engine became available again both hosted primary replica due corresponding resource capture databases via closed expected behavior due conditions instance down responsive stopped tried few times bring these resources second node switch roles nodes primary replica secondary replica captures extracted cluster log attachments deep description about cluster actions activity during issue attached files bring resource second node take same resource listeners node analyze resolution attachments seems cannot groups node due responding probably freeze due high workload other condition name name slow operation initialized reading reading name agent bb availability component query processing has changed clean warning name agent availability returns information err availability error native client shared memory pipe has ended err availability error native client communication link failure err availability error native client availability more diagnostics results availability diagnostics stopped availability change diagnostics interval worker stopped availability cancel returns information err availability error native client communication link failure availability disconnect err availability process active returned status err availability alive err availability resource alive result err availability process active returned status err availability alive err availability resource alive result warn resource has failure gen result pending err warn queueing immediate delay restart resource delay restarting waiting dependents giving default token giving default token issuing gen result availability has availability has err availability process active returned status err availability alive err resource failed warn gen result err resource failure count zero returning true resource causing warn failing over ordering node move move bringing failed failed failed pending bringing dependent resource resource cannot yet dependent resource adapter adapter has resource has come about report status change adapter adapter gen result around after database instance node finished resources cpu were also released available responsive brought both resources finally has switched roles during databases belonging these groups were available normal behavior depending by duration process enough connected impacted more less significant capture extended event log error which explain clearly moved second node availability replica availability instance cannot become primary replica more databases synchronized joined availability cluster started quorum mode cluster started quorum mode availability replica uses asynchronous commit mode consider performing forced possible loss otherwise once secondary databases joined synchronized perform planned secondary replica without loss more information books explanation configured automatic involves loss synchronous mode configuration databases both instances involved process automatic initiated synchronized due high pressure workload memory cpu resources synchronization process had delays databases become synchronizing synchronized means transactions primary secondary replica committed probably received secondary committed also primary configured automatic worked asynchronous which leads change status happened candidates automatic due databases were synchronized initiated conditions after old primary instance after automatic restart transactions were secondary replica databases became synchronized also finally done confirmation about resolution found looking link help troubleshooting automatic problems environments after has succeed workload also partially transferred highest cpu memory usage occur again primary instance shown captures memory enough paging occurs compensate partially by allocated disk necessities additional effort cpu handle requests more less performance definitely affected after since switching roles primary replica utilization occasionally hard fault spikes considering also multiple alerts past monitoring regarding memory pool capabilities extensions after recent upgrade big warning memory has increased both nodes size instead currently choice capture capture capture capture capture capture capture capture capture capture capture capture capture capture capture best regards technical consultant wednesday march task has assigned hi please advised queue best regards engineer wednesday march task has assigned please advised record number has assigned please review details take appropriate action description tuesday march pm re prod secondary replica worked expected hi again additional information during step re index import process founded logs thanks tuesday march pm prod secondary replica worked expected hi went down due issues morning far poll running primary node status down issues related directly needed please investigate highlighted issue assumption secondary replica worked expected caused prod application down app restart helped fix issue attached log file relevant logs warn secure entity error closing invalid object closed error rest integrations configuration status core entity error database found error rest integrations configuration status error getting thread warn issue index error indexing issue dropping folded core entity unable establish database unable database because replica role resolving which allow operation again later caused by unable database because replica role resolving which allow operation again later further assistance please let sorry thanks engineer summary prod secondary replica worked expected number priority low assignment location center ref msg
longest,Hardware,6502,918,actions windows updates tuesday pm re actions updates hey machines anyone copied assist help suggestion kb update deploy please bellow computer status status assets patched manually intervention installed period type location user failed assigned found failed assigned found thank lead tuesday pm actions updates hi re well mate favour details two workstations failed once whoever remedial work update etc cheers change control presence mob re actions updates hello status update morning by status multiple items user row labels sum installed downloaded failed installed pending reboot grand total thank lead pm re actions updates hello status update by pm colleagues focused remained deployed manually keep posted about progress by status multiple items user row labels sum installed downloaded tower failed tower installed tower pending reboot grand total thank lead re actions updates hello status update pm saturday follows during update manually site even number reflected by report shows differences expect inconsistences become normal stage by action planned since left were deployed update also want big thanks involvement over weekend good job guys detailed report also attached status user row labels count computer count assets patched manually downloaded tower failed tower installed tower pending reboot grand total thank lead saturday pm re actions updates hello decided meeting mainly unit work weekend currently shows highest number installed updates machines report today by pm looks follow detailed report also attached work over weekend tomorrow by noon expect come update afterwards by work late evening tomorrow report weekend status user row labels count computer downloaded tower failed tower installed tower pending reboot grand total thank thursday pm re actions updates hello machines states communication days also detailed report attached count user column labels row labels months months grand total downloaded failed installed pending reboot downloaded failed installed installed tower downloaded failed installed installed pending reboot installed downloaded failed installed downloaded failed downloaded installed blank blank grand total thank lead thursday pm re actions updates hello move slowly progressively based match reports got by pm chart looks follow installed failed updates location left report running assigned reserved status others counted per each location within areas later back update report how table did communicate refer chart states these also detailed report attached status multiple items user row labels count computer downloaded tower failed tower installed tower pending reboot tower installed tower grand total thank lead thursday pm re actions updates hello over report compared today ones had yesterday thanks suggestion updates each action removed completed ones where owner input needed rebuilt second off owner chased yet machine owner update updates progress replies owners second update date left owner continue apply march updates application fail certain updates installed march updates installed tested testing environment owner update engage today update agree date patched user devices progress made since yesterday help out additional setup recently allow better download currently overload owner update forced restarts possible advised done starting next needed update number devices update plenty devices left without updates determine status each coordinate location run report make included colombia manually disabled owner update columbia configured updates user devices currently checked by determine where receive updates over update columbia downloading updates site reports change raised create engage status each separate device advise owner update updates progress members left without updates update status received yet whom target unavailable assistance machine restarts updates forced owner update advised he text provided him he agreed resolved by starting next restart pushed starting next update mangers each user friday return updates each owner later today thank re actions updates hello update topic communication yesterday each individually friday needed status report owners actions provide overall update few thank re actions updates hello picture provided by detailed report also attached status multiple items user row labels count computer downloaded tower failed tower installed tower pending reboot installed tower grand total thank lead wednesday pm re actions updates hello please updates where owner input needed rebuilt second off owner chased yet machine owner update updates progress replies owners second apply march updates application fail certain updates installed march updates installed tested testing environment owner update engage today user devices progress made since yesterday help out additional setup recently allow better download currently overload owner update forced restarts possible advised done starting next needed everything patched double report everything causing issues owner update devices left run report make included colombia manually disabled owner update columbia configured updates user devices currently checked by determine where receive updates over advise owner update updates progress members left without updates whom target unavailable assistance machine restarts updates forced owner update advised he text provided him he agreed resolved by starting next restart pushed starting next continue engage owners until topics closed provide updates thank re actions updates hello please attached reports also reports order clear view updates status further information please let best regards senior engineer wednesday pm re actions updates hello please attached report user update currently running updates also checked columbia configured unfortunately cannot user assets best regards senior engineer wednesday pm actions updates importance high hello notes actions today meeting where owner input needed owner update rebuilt second off owner chased yet machine owner update apply march updates application fail certain updates installed march updates installed tested testing environment user devices progress made help out additional setup recently allow better download currently overload owner everything patched double report everything causing issues owner run report make included colombia manually disabled owner advise owner whom target unavailable assistance machine restarts updates forced owner perform follow each owner update add missed thank
longest,Access,6363,792,quarantine you have new these unblocked please regards dear confluence confluence confluence confluence kb confluence confluence kb confluence holidays confluence kb confluence holidays confluence kb confluence tooling confluence confluence pm kb confluence tooling confluence confluence pm kb confluence tooling confluence confluence pm kb confluence confluence pm kb confluence confluence pm kb confluence location confluence kb confluence location confluence kb confluence confluence confluence pm kb confluence tooling confluence pm kb confluence confluence confluence pm kb confluence blank confluence confluence pm kb confluence confluence confluence pm kb confluence key files confluence confluence kb confluence location confluence confluence kb confluence confluence confluence pm kb confluence developer confluence confluence pm kb confluence gateway confluence pm kb order confirmation kb confluence confluence confluence kb confluence monitoring confluence confluence kb confluence confluence confluence kb confluence confluence kb confluence confluence confluence kb confluence technical confluence confluence pm kb confluence confluence confluence pm kb confluence analysis confluence confluence pm kb confluence table confluence confluence pm kb confluence re confluence confluence pm kb confluence components confluence confluence pm kb confluence environment confluence confluence pm kb confluence confluence confluence pm kb confluence confluence confluence pm kb confluence confluence confluence confluence pm kb confluence confluence confluence pm kb confluence continuous confluence confluence pm kb confluence essential confluence confluence pm kb confluence continuous confluence confluence pm kb confluence essential confluence pm kb confluence confluence confluence pm kb confluence code st confluence kb confluence confluence confluence pm kb confluence confluence confluence pm kb confluence confluence confluence kb confluence tooling confluence confluence kb confluence holidays confluence kb confluence holidays confluence confluence kb confluence confluence kb confluence confluence pm kb confluence confluence pm kb confluence code review confluence confluence pm kb confluence tooling confluence confluence pm kb confluence po confluence confluence kb confluence po confluence confluence kb confluence confluence kb confluence decision log confluence kb confluence reg confluence kb confluence confluence confluence kb confluence holidays confluence confluence kb confluence reg confluence kb confluence tooling confluence confluence pm kb confluence confluence confluence kb confluence confluence kb confluence tooling confluence kb confluence technical confluence confluence pm kb confluence reference confluence pm kb confluence analysis confluence confluence pm kb confluence confluence confluence pm kb confluence table confluence confluence pm kb confluence table confluence confluence pm kb confluence table confluence confluence pm kb confluence re confluence confluence pm kb confluence training re confluence confluence kb confluence code structure confluence kb confluence confluence confluence pm kb confluence confluence confluence pm kb confluence identity confluence confluence pm kb confluence agile process confluence confluence pm kb confluence confluence confluence pm kb confluence environment confluence kb confluence confluence confluence pm kb confluence holidays confluence kb confluence testing confluence confluence kb confluence confluence kb confluence holidays confluence confluence kb confluence confluence pm kb confluence confluence pm kb confluence tooling confluence confluence pm kb confluence confluence kb confluence po confluence pm kb confluence confluence confluence kb confluence decision log confluence kb confluence analysis confluence confluence kb confluence analysis confluence confluence kb confluence code structure confluence confluence kb confluence location confluence kb confluence location confluence confluence kb confluence confluence confluence kb confluence blank confluence confluence kb confluence location confluence confluence pm kb confluence analysis confluence confluence kb confluence confluence confluence kb confluence identity confluence kb confluence tooling confluence kb confluence tenants confluence kb confluence confluence confluence pm kb confluence high confluence confluence pm kb confluence table confluence confluence pm kb confluence table confluence confluence pm kb confluence confluence confluence pm kb confluence confluence confluence pm kb confluence confluence confluence pm kb confluence environment confluence pm kb confluence confluence confluence pm kb confluence holidays confluence kb confluence tooling confluence confluence kb confluence test confluence confluence kb confluence defect confluence confluence kb confluence principles confluence confluence kb confluence po confluence kb confluence reg confluence kb confluence analysis confluence confluence kb confluence recommended recommended updates confluence kb confluence holidays confluence confluence kb confluence table confluence confluence kb confluence confluence confluence kb confluence key files confluence pm kb confluence confluence confluence pm kb confluence confluence confluence pm kb confluence blank confluence pm kb confluence deadlines confluence kb confluence po confluence kb confluence tenants confluence kb confluence confluence kb confluence features confluence kb confluence key files confluence confluence kb confluence identity confluence kb confluence confluence kb confluence table confluence confluence pm kb confluence table confluence confluence pm kb confluence essential confluence confluence pm kb confluence agile process confluence confluence pm kb confluence confluence confluence pm kb confluence code st confluence kb confluence confluence confluence pm kb confluence confluence confluence kb confluence code review confluence confluence kb confluence testing confluence confluence pm kb confluence holidays confluence pm kb confluence test confluence confluence kb confluence test confluence confluence kb confluence technical confluence confluence kb confluence defect confluence confluence kb confluence confluence confluence confluence kb confluence confluence confluence kb confluence confluence confluence kb confluence po confluence
longest,Access,6214,934,service user periodic lockout problem sent friday october periodic lockout problem hi could you raise ticket ask look into problem noted by thread below seems ad called getting locked out every often causing authentication failures but think able determine why gets locked out nor source problem usually ad accounts locked out only when password entered incorrect several times succession our ad configuration limit times think lockout reset after minutes can was locked out times past hours few minutes ago reported by several different domain controllers but logs indicate why had become locked out nor logs indicated source misuse causing lockout suppose lockouts be due configured password server maybe test server somewhere trying use but have small concern someone or some malicious software trying hack into by password guessing obviously locking every often can someone try investigate more deeply what going please also like know why whether being used by more than one authenticate ad believe best practice requires different should have their own unique log ad fact asked for ticket be raised give own dedicated ad for lookups question relates using or requested for kind regards sent october re authentication error hi find out responsible for server going close ticket ask rise one order change used by module best regards engineer managed en sent tuesday october re authentication error thanks for looking into perspective situation somehow used by other applications other servers good thing we normally expect each have own dedicated anyway changing for module right answer should be changed unique set up especially for use for purpose kind regards sent october re authentication error hi root cause problem gets locked used by module authenticate itself dc somehow used by other applications other servers misuse locks purposed solution for issue change for module talk authorized change module error sample entered critical get for be legitimate for returns received en en null misc pack into message response response ex null en site received en en null misc pack into message response response ex null en site best regards engineer managed en sent wednesday october re authentication error hi yes attached problem was seen by but was reported by his manager response reminder her needed quiz kind regards sent october re authentication error hi problem reported you same problem module cannot connect any servers want make because want ask application turn error logging thank you best regards engineer managed en sent wednesday october re authentication error hi fact did experience once yesterday but went back tried again worked second attempt know also one colleague reported same problem when trying access awareness quiz monday afternoon advised them try again have had any further them have logged twice today with problems kind regards sent october re authentication error hi reminder thank you best regards engineer managed en sent monday october re authentication error hi have you experienced issue again we have upgraded meantime thank you best regards engineer managed en sent friday authentication error hello please below issues with app there connection issues server server per description there location training tools learning platform component architecture description can you please have look below issue check between server thank you best regards senior engineer en sent thursday re your invitation take awareness refresher quiz hi seems be authentication error strangely got very similar error message myself when logging into monday but when tried again minutes later problem had fixed had notified but reproduce problem try again today if you can successfully authenticate if you still get same error message notify another case authentication error also ticket kind regards sent re your invitation take awareness refresher quiz hi get error when trying module cannot connect any servers server connection resource id bind result regards sent wednesday your invitation take awareness refresher quiz dear we kindly invite you participate information awareness refresher quiz we asking existing employees have taken information induction awareness quiz past year since st october fact take quiz demonstrate their continued awareness important information practices obligations quiz contains questions be drawn random larger pool everyone attempting quiz receive slightly different set questions answer if you repeat test second subsequent re tests contain slightly different set questions attempt each other you can access refresher quiz link id we appreciate taking awareness quiz consuming but we have commitment our clients ensure employees have received tested regular information awareness reminders you have seen regular bulletins sent out by quiz designed test your awareness provide with evidence present clients ask demonstrate we provide test these awareness reminders please note even heads disciplines other leadership members being asked quiz even members information be taking nobody can consider themselves exempt taking quiz attendance timeliness pass rates for quiz be reported end october happens awareness month any invitees take quiz during definitely be chased take next month if you want remind yourself important information policies obligations we must comply with you can view information awareness induction training movie minutes here resource content awareness october there some reminders for busy readers here you can also acceptable use policy you ll also find links other key policies including information classification handling summary roles responsibilities if you easily able access above documents can also be accessed via reminders for busy readers acceptable use policy information classification handling summary roles responsibilities if you manager please ensure you remind your members importance taking quiz if receive invitation take joiners since st october receive invitation finally if you member have trainer or administrator rights please follow these instructions or before attempting take refresher quiz otherwise your score be recorded main quiz results we think you have taken quiz thanks kind regards information
longest,Hardware,6211,878,access hi please log assign queue best regards senior engineer tuesday re importance high hi setup thanks via currently client site due constraints cannot give resources tunnel please let more information progress under bit pressure please make gets accordingly drop note thanks head re wednesday aw hi more please senior engineer fax mobil sitz main des prof den bitte form des bitten den die dank information attachments confidential legally privileged intended solely addressee addressees intended recipient disclosure copying action taken omitted taken reliance prohibited unlawful received error please notify delete attachments thank save bitte please print re destination gateway host down wednesday aw made yesterday few changes test again thanks senior engineer fax mobil sitz main des prof den bitte form des bitten den die dank information attachments confidential legally privileged intended solely addressee addressees intended recipient disclosure copying action taken omitted taken reliance prohibited unlawful received error please notify delete attachments thank save bitte please print re hello seems problem host after tested yesterday host became down source interface destination gateway host down sh crypto peer encrypt digest decrypt verify compressed decompressed compressed comp failed failed best regards engineer please consider environment print tuesday aw hello hello tunnel tested today also tested also successful he tested router test moment outstanding person which make test known policies built side best regards senior engineer fax mobil sitz main des prof den bitte form des bitten den die dank information attachments confidential legally privileged intended solely addressee addressees intended recipient disclosure copying action taken omitted taken reliance prohibited unlawful received error please notify delete attachments thank save bitte please print re hello sorry about updates configuration everything setup by wednesday then couple days accounts created validate environments trip thank friday pm re hi filtered out received better safe removed thanks help looking forward updates best date friday re thank much best regards engineer please consider environment print friday aw hi thanks saw tunnel sh peer peer id id description tunnel bytes out encrypt hash also course drops because policies configured yet think ready speak leaders policies finished possible also write testing best regards senior engineer fax mobil sitz main des prof den bitte form des bitten den die dank information attachments confidential legally privileged intended solely addressee addressees intended recipient disclosure copying action taken omitted taken reliance prohibited unlawful received error please notify delete attachments thank save bitte please print re source interface xxx destination gateway host down sh crypto peer encrypt digest decrypt verify compressed decompressed compressed comp failed failed blocking traffic best regards engineer please consider environment print wednesday aw hi matter call best regards senior engineer fax mobil sitz main des prof den bitte form des bitten den die dank information attachments confidential legally privileged intended solely addressee addressees intended recipient disclosure copying action taken omitted taken reliance prohibited unlawful received error please notify delete attachments thank save bitte please print re romanian right thank best regards engineer please consider environment print wednesday aw hi call friday side questions side moment think make call best regards senior engineer fax mobil sitz main des prof den bitte form des bitten den die dank information attachments confidential legally privileged intended solely addressee addressees intended recipient disclosure copying action taken omitted taken reliance prohibited unlawful received error please notify delete attachments thank save bitte please print re hello thank tomorrow cab meet approve propose implement friday available ready configuring how about please complete phone number contacting give phone after call ask forward call also give id schedule call flexible methods others how about blank without comments via also few questions equipment other questions side awaiting thank best regards engineer please consider environment print wednesday aw hi ready configuring how about please complete phone number contacting how about blank without comments best regards senior engineer fax mobil sitz main des prof den bitte form des bitten den die dank information attachments confidential legally privileged intended solely addressee addressees intended recipient disclosure copying action taken omitted taken reliance prohibited unlawful received error please notify delete attachments thank save bitte please print re hello partially sorry typo thank best regards engineer please consider environment print friday aw hi little question about information form range filled wrote overlapping filled right possibly best regards senior engineer fax mobil sitz main des prof den bitte form des bitten den die dank information attachments confidential legally privileged intended solely addressee addressees intended recipient disclosure copying action taken omitted taken reliance prohibited unlawful received error please notify delete attachments thank save bitte please print fwd datum hi please latest status setup best date wednesday re hello completed document attach problems question please waiting thank best regards engineer please consider environment print thursday re hi sorry delay had clarify couple things internally forwarded details colleague think easiest way two touch setup validate please keep loop let side thanks date wednesday re hi expect receive filled form best regards senior engineer fax mobil sitz main des prof den bitte form des bitten den die dank information attachments confidential legally privileged intended solely addressee addressees intended recipient disclosure copying action taken omitted taken reliance prohibited unlawful received error please notify delete attachments thank save bitte please print hi please feel free fill attached form preferred parameters call technician side form back
longest,Hardware,6120,874,ticket to be raised to replace wednesday october pm raised replace hello please ask help allocate replace low performance decommissioned ago thank help kind regards wednesday october pm re needed july replacement hello sitting room were waiting appropriate resources make swap think alone kind regards engineer october re needed july replacement hi resurrecting subject because too progressed matter please let replaced after were expecting response side please advise kind regards thursday pm re needed july replacement replace entire downtime cannot done within also well kilos heavy pretty difficult given weight replace by myself kind regards engineer re needed july replacement hi thanks coming back surely sounds way too complicated swapping whole redo test equipment rack please proceed let assistance matter kind regards thursday re needed july replacement same connector understand compatible spec sheets these found other compatible well device buy certain replacement batteries where found were selling replacement batteries electrician hazards hot swapping even says re hot downtime comfortable doing never done fan high voltage keep looking definitive battery packs compatible kind regards engineer re needed july replacement hello apologies delay response checked battery replaced ask advise proceed instead switching entire by way expected downtime work carried out guessing expertise aspect please kind regards friday pm re needed july replacement hello finished testing bad connect via interface via serial port software information pretty vague charged connected older other ones had were powering reason thought more warning about took estimating rd rack least minutes more thinking better swap out batteries haven checked compatible instead switching entire further labour kind regards engineer re needed july replacement hello discussed earlier currently decommissioned test possible help today please advise kind regards tuesday re needed july replacement hello sorry delayed response leave yesterday slight problem testing order track down uptime submit certain load which means unplugging plugging everything how much draws calculate under therefore unsure how test without disruption existing setup moment please advise kind regards engineer needed july replacement hi believe involved testing devices right closed wanted ask help test proves better than than replacing existing installed assist please advise kind regards thursday pm re needed july replacement hi receipt stored room rest boxes next chapmen kind regards re needed july replacement hi thanks confirmation picked morning arrive sometimes afternoon regard testing undergo same analysis existing ones more main receive intact well boxes paperwork contracts which handed over chapmen possible please come back details testing part friday kind regards wednesday pm re needed july replacement hi tomorrow let how intend conduct test kind regards re needed july replacement hi leave best copy whole tomorrow thanks needed july replacement hello further arranged collected tomorrow arrive sometimes afternoon next step tested results after compare devices decide which replace setup same second going please help testing once arrives unavailable tomorrow anyone receive via courier please advise kind regards needed july replacement hi confirmed different connectors well also regular plugs redundancy he asking main installed decided keep both matter replacing next kind regards thursday pm needed july replacement hi got kind regards re needed july replacement agree lets requires until arrives weeks rack available install test parallel please guys connectors match available room thanks thursday re needed july replacement quite going transportation after re needed july replacement hi particularly concerned about which holds controller minimum autonomy production equipment least less than allow enough reaction unplanned outage aim reuse proves better upgrade replace batteries otherwise regards july re needed july replacement thanks recall got rather similar results especially minutes minutes neither which much outage added thread his awareness room units remaining values charge mins mins mins mins guess nothing room critical care about two low values respective cabinets course perhaps hungry cab kind regards july re needed july replacement please find reports also ran calibration each accurate results please let how assist further status battery transfer battery test temperature remaining sec input input voltage output output voltage load amps output va output battery status battery battery voltage batteries status battery transfer battery test temperature remaining minutes seconds input input voltage output output voltage load amps output va output battery status battery battery voltage batteries battery transfer battery test temperature remaining minutes seconds input voltage output voltage frequency load load apparent load va load amps battery status battery voltage kind regards engineer july re needed july replacement hi ah interesting test result close self test diagnostics result perhaps take self test diagnostics result each accurate enough therefore please ahead perform self test diagnostics each other let results by way unplugged commando plugs assume ones perfectly safe unplug volts plug reason larger than plugs amps maybe amps rather than amps expect pin design prevent arcing even unplugged drawing amp load plug unplug these things several times per unplugged moving racks re distributing load cheers july needed july replacement hello contacting regarding raised about checking has performed bit reluctant perform other ones honest findings he had by testing manually close self diagnostics devices themselves self diagnostic said has minutes calculated minutes wondering order proceed further having take feasible perform automated self diagnostics instead kind regards engineer july re needed july replacement hi tested details timed rundown fixed cables units which fed by commando cable couplers under cabinets cabling cab looks comfortable playing cabling running other electrician
